game,method,score
Assault,MQ(h=10),"Float32[0.60471207, 304.9494, 317.28452, 339.47177, 194.85454, 486.9418, 718.6838, 783.8174, 910.79047, 957.8028, 1296.375, 1278.9518, 3078.276, 1160.0, 2217.5, 3313.0264, 2749.4883, 5456.5415, 2298.074, 8014.1665, 2476.38, 1945.9231, 4713.4644, 5781.6924, 7102.2383, 8355.25, 1932.5652, 6996.5713, 4877.967, 9492.111, 9135.737, 8739.35, 4219.074, 3608.5813, 6694.9165, 5115.9, 9216.25, 10374.5, 9028.1, 9710.685, 5676.6553, 5778.129, 6992.0415, 7408.864, 8067.1665, 10618.625, 4288.722, 5296.276, 9561.111, 12314.546, 10709.714, 7658.4443, 11234.929, 5516.467, 7857.4346, 8763.05, 7837.0, 7975.7144, 10233.833, 6622.3706, 11075.333, 10893.889, 11850.412, 6307.48, 8678.0, 7639.0, 8916.667, 8710.9, 4534.6855, 7825.7827, 8054.24, 15100.2, 11229.417, 8802.1, 6911.3706, 8996.762, 13245.357, 7167.375, 10171.8125, 9533.444, 11030.059, 10538.471, 9822.526, 11290.3125, 6540.393, 12061.066, 13417.0, 12256.0, 16692.8, 9434.55, 3839.2856, 7002.4, 13472.714, 12827.066, 12801.8, 9597.167, 9815.895, 13633.75, 14824.167, 13596.857, 14140.363, 11152.412, 6776.222, 13122.934, 15296.0, 13036.6, 8713.45, 10003.95, 7039.375, 7527.731, 15200.091, 14471.1, 4823.5405, 13189.625, 15623.728, 10303.5, 12475.934, 4079.4883, 6688.759, 6973.1035, 8653.913, 8957.818, 6499.241, 11493.632, 11077.526, 8122.8096, 12229.357, 10326.177, 11356.667, 13948.714, 13536.625, 10740.1, 11502.833, 5642.1816, 10191.0, 19559.0, 10875.765, 12615.4, 15009.0, 7769.25, 7360.077, 12077.214, 12887.385, 9558.685, 10723.0, 16098.786, 6075.3706, 8442.869, 11980.4375, 10946.857, 10357.8, 15565.444, 7023.0, 7557.815, 12821.615, 13811.272, 13716.429, 15947.583, 16238.692, 9403.409, 9275.954, 16423.0, 8611.521, 7976.1113, 14042.267, 8958.6875, 15586.182, 13678.462, 11906.571, 12415.667, 14877.571, 12826.0, 8931.941, 11483.533, 8621.667, 7827.148, 9119.7, 7692.269, 11672.077, 11700.737, 13133.294, 8179.0386, 10914.294, 10789.556, 10833.947, 12301.286, 13527.0, 12286.866, 12448.053, 14537.667, 10504.421, 15857.556, 14226.917, 15516.071, 13008.0625, 13034.625, 6359.7, 13775.0, 8939.591, 8307.0]"
Assault,MQ(h=10),"Float32[0.0, 291.93066, 260.20074, 348.65503, 460.69843, 635.5437, 653.5462, 801.3495, 884.64764, 786.3771, 1596.9, 1123.0227, 2130.8958, 1257.5862, 4562.769, 3522.8484, 1727.9524, 2835.4146, 3437.4517, 4102.933, 3707.7058, 5095.8887, 6366.696, 6282.0, 5694.115, 3426.8, 5588.5713, 5537.724, 6598.0, 3667.5833, 7925.5, 4359.0557, 3568.6135, 8555.277, 7843.409, 7976.8096, 8161.3335, 6774.56, 9249.353, 6271.6, 8920.263, 10447.846, 9957.5, 4037.3428, 5860.4136, 4839.6772, 9168.2, 6689.24, 9196.211, 5765.484, 8083.826, 6012.52, 13245.286, 7943.048, 11561.125, 7960.65, 9089.05, 3421.054, 8109.5415, 8047.737, 10430.3125, 6141.5557, 11495.333, 12662.071, 9215.0, 8339.667, 9964.0625, 12565.0, 6718.16, 13219.467, 3537.8445, 13197.1, 12055.417, 12965.077, 5977.3335, 11829.177, 14247.9, 10718.111, 3497.6445, 9201.85, 11692.6, 9428.842, 9374.632, 11186.125, 9618.842, 9303.19, 9960.685, 9544.95, 8808.667, 14179.625, 7168.148, 11177.833, 14036.214, 9338.632, 4107.5, 9813.556, 10226.429, 10154.053, 9540.909, 10306.632, 13818.071, 12545.077, 10124.3, 7282.593, 14842.571, 14554.0, 11773.6875, 15443.833, 7953.2607, 10568.765, 12557.833, 9847.75, 8093.32, 11931.8, 8121.591, 8589.637, 5698.364, 2621.4827, 8665.182, 10013.211, 10126.15, 5251.5884, 18317.0, 10392.368, 11289.111, 4524.8647, 6074.9688, 13330.154, 14184.777, 10940.056, 10707.0, 14436.25, 4605.6313, 12014.556, 10318.762, 8583.608, 10833.0, 8039.2173, 9512.0, 10060.19, 13962.5, 12442.546, 13311.429, 13237.23, 10187.611, 5545.057, 10137.315, 9896.0, 11163.571, 11900.429, 9024.5, 11461.071, 11478.883, 5619.3823, 11500.65, 10804.625, 10692.714, 11206.053, 10714.685, 11252.1875, 10335.096, 8426.792, 13189.75, 11285.818, 12778.4, 12318.4375, 13465.066, 7830.7393, 12413.823, 14751.083, 9977.5, 13628.4, 10053.333, 11917.294, 7542.885, 9653.315, 12182.929, 13437.546, 13476.583, 15253.77, 10371.05, 7673.0, 12054.25, 4250.976, 12349.134, 13164.714, 9513.952, 10910.117, 12193.556, 9979.857, 13873.2, 8493.15, 13776.0, 8166.75, 7925.3335, 12710.1875, 8299.25, 10671.048, 11317.417, 12952.934]"
Assault,MQ(h=10),"Float32[0.16578947, 322.93134, 280.49442, 231.29578, 555.9449, 670.7191, 694.13336, 708.18335, 897.1791, 600.85614, 838.3475, 2016.4524, 2341.1396, 1149.7205, 935.7075, 3038.4722, 2166.4814, 2716.568, 3961.2, 2830.65, 5057.591, 4831.4443, 1536.5231, 2726.608, 2956.186, 2988.4878, 6097.231, 8020.0527, 4820.3335, 8409.429, 6927.9565, 4064.742, 4470.909, 2983.6738, 5250.467, 5894.963, 3788.7222, 7810.3, 9181.368, 8161.0454, 5674.5713, 4230.4053, 1821.6493, 5191.069, 5387.6206, 1677.0405, 7975.5, 6542.654, 11054.529, 8437.75, 3542.1, 4822.0, 5603.4375, 4087.95, 4969.353, 10642.529, 9325.55, 6760.593, 4384.1313, 4459.5405, 11113.667, 9887.8, 8766.647, 6448.276, 12044.0, 9816.685, 6252.5557, 7093.28, 13181.714, 7891.05, 5815.48, 3616.0232, 10077.0, 10464.737, 3774.5227, 8146.2, 12839.846, 9161.368, 9357.5, 12088.385, 7765.6816, 12773.083, 15835.363, 7256.625, 10723.65, 9138.35, 8564.833, 6443.724, 7282.96, 6707.077, 8091.92, 13096.23, 14091.6, 14409.363, 7146.4614, 7303.52, 4670.7144, 10177.728, 9295.762, 9674.706, 7493.346, 9503.546, 9879.277, 12567.818, 13022.333, 9325.591, 5719.067, 8116.0, 11617.117, 10080.5, 11656.4375, 9367.643, 14128.0, 14393.0, 5160.0557, 9730.947, 11788.823, 12131.235, 7383.5386, 9235.591, 10400.647, 10415.941, 8355.458, 11283.5, 8221.904, 13499.917, 10748.833, 17355.0, 10430.368, 10131.059, 4835.4863, 11186.667, 13153.643, 5733.606, 15927.363, 7406.222, 8801.087, 5726.625, 12356.0, 4359.8096, 7867.5, 13002.3, 7834.5415, 9682.9, 9467.863, 12787.75, 12012.0, 11360.333, 12587.134, 10495.647, 13791.182, 15363.333, 10361.632, 9954.444, 10250.105, 11180.357, 12010.786, 12457.3, 11364.223, 7505.4165, 12231.059, 9920.15, 14315.154, 13757.134, 8576.228, 8470.583, 6675.6333, 10630.0, 9827.529, 8115.28, 12548.929, 7699.9614, 12522.333, 10038.904, 11245.5, 10114.25, 17346.455, 9018.772, 10455.3, 13629.2, 13883.5, 11527.0, 9007.087, 12017.471, 9122.682, 9971.863, 7263.2856, 7004.9644, 9336.333, 10524.0, 11257.733, 10121.421, 9439.286, 13769.385, 10456.5, 13115.765, 11762.8125, 6007.375, 13667.3, 9713.526]"
Assault,MQ(h=1),"Float32[347.54132, 308.55884, 444.26215, 722.35925, 922.04065, 1102.2556, 1843.1719, 2528.3408, 2616.2856, 2163.6833, 3832.0, 6017.24, 4681.515, 3785.4, 3332.932, 4563.5, 3981.5264, 4435.5293, 3748.8684, 3069.2449, 7087.04, 9139.777, 6642.88, 7578.24, 6073.1724, 9477.263, 5452.0312, 4341.8, 14598.272, 11887.167, 4047.8438, 7172.5835, 10690.444, 4826.0557, 8484.048, 10396.25, 9108.25, 8000.2607, 7651.2383, 6984.2383, 3771.6316, 8503.19, 11775.706, 4922.647, 10974.823, 8582.619, 5922.8887, 14587.0, 8104.5454, 8337.818, 10613.474, 9350.682, 8816.05, 6100.931, 4273.2104, 10948.353, 8780.477, 9894.117, 8626.177, 4609.3237, 6053.4, 3205.2917, 9897.5, 15110.454, 9622.786, 9545.85, 10436.223, 9736.4, 8229.739, 6548.1377, 11100.467, 13193.923, 7349.44, 15220.5, 10706.117, 7294.091, 6474.724, 11445.643, 11774.866, 11536.3125, 8256.5, 8283.048, 7809.4287, 8808.158, 9871.685, 6963.357, 7901.75, 11312.294, 7641.12, 5182.6772, 10136.158, 5287.091, 8001.875, 8431.348, 9947.0, 8978.682, 8617.042, 12472.066, 11264.75, 15714.818, 13348.625, 9379.0, 9078.117, 18135.084, 10471.947, 11953.167, 6996.1787, 9284.954, 9583.667, 10641.889, 10567.1, 11589.765, 14436.2, 7084.5713, 13128.929, 10887.4375, 8388.105, 9914.4, 14750.111, 12231.0, 10474.177, 11812.462, 11738.77, 7632.731, 16976.1, 13042.333, 11844.611, 9037.591, 11592.95, 9567.286, 6416.613, 12020.934, 10884.05, 12542.866, 11429.0, 9626.4, 7321.357, 12777.0, 14702.917, 13538.875, 11320.267, 3037.5, 13985.571, 14049.77, 10269.777, 10048.611, 12947.143, 6661.4644, 14806.333, 8671.48, 14688.462, 6044.2, 9639.9, 12612.588, 13336.857, 11125.556, 7539.4, 9704.95, 10698.95, 10239.158, 16119.833, 6737.591, 11716.857, 9215.435, 6149.4375, 10723.777, 8536.2, 7395.407, 9652.934, 13818.833, 5473.3716, 5520.067, 5898.7666, 6439.852, 10273.6875, 7708.88, 9852.096, 9722.211, 10669.381, 9216.228, 9432.305, 8611.0, 8583.0, 11717.071, 9589.765, 8384.454, 10240.2, 17776.154, 11535.737, 13165.583, 15943.23, 8541.315, 13200.875, 10103.158, 10694.111, 6495.4546, 11056.277, 13643.934, 12035.0, 13645.833]"
Assault,MQ(h=1),"Float32[328.8071, 364.12964, 389.00482, 759.82996, 819.2308, 1250.8916, 1248.1235, 2767.641, 1626.1733, 1791.7397, 3281.7896, 3163.1765, 3976.7942, 6011.0415, 4487.4243, 2593.2222, 1436.762, 5954.0, 7374.1304, 3515.9736, 3300.65, 4414.0557, 7043.5, 2721.1372, 2816.451, 2865.7778, 7239.0835, 11206.417, 4874.697, 5573.4644, 10430.706, 2095.8193, 7409.35, 2428.1614, 12428.357, 8896.353, 13723.154, 9630.353, 4320.4614, 10592.923, 9156.315, 5569.75, 8044.5293, 6628.3335, 13432.286, 2441.2258, 6232.1113, 13479.071, 6249.769, 4309.3887, 3955.762, 7705.55, 11371.294, 3501.561, 12365.134, 8184.1904, 2078.678, 11690.647, 9396.211, 8890.2, 15496.1, 5656.2188, 6875.52, 12518.643, 9700.685, 10307.117, 14967.637, 12802.5, 6728.0713, 9211.477, 19132.334, 10105.9, 19418.2, 8236.223, 7497.48, 9259.211, 13715.0, 14688.5, 11631.556, 9828.875, 13473.167, 17256.2, 5646.4443, 10370.158, 8898.429, 11247.875, 9395.0, 8291.286, 11796.75, 13353.333, 11569.615, 10211.611, 13691.143, 12196.77, 9090.952, 10815.941, 6813.7407, 5148.75, 14984.77, 11139.353, 10104.117, 10035.667, 5511.5757, 13581.5, 14682.714, 7543.2, 9680.105, 10431.1875, 5140.2812, 10524.267, 7990.773, 7105.5386, 13910.538, 12577.75, 7884.2383, 6484.567, 13131.0, 13171.615, 9910.8125, 10774.389, 7200.185, 12932.733, 6702.276, 10775.947, 11416.667, 11002.529, 10495.053, 13525.857, 8861.65, 12160.934, 10314.263, 11115.667, 11092.066, 10273.889, 10050.81, 6388.3213, 8616.125, 11138.55, 14496.462, 10596.0, 10570.214, 12453.143, 11698.294, 13562.714, 14665.272, 8711.869, 10744.263, 9961.6875, 11140.833, 10586.611, 10888.474, 7925.72, 10898.526, 10579.667, 10487.95, 11362.667, 15494.538, 11137.0, 9699.546, 7965.32, 10592.1875, 18509.182, 12027.866, 12172.2, 14490.375, 11403.833, 12285.883, 11399.2, 11635.0, 8063.7915, 7071.846, 7884.4165, 10022.619, 5886.645, 9169.8, 12225.833, 11643.0, 10180.462, 10865.111, 7248.931, 10444.0, 11270.2, 8141.75, 7290.1113, 10151.9, 10277.2, 13403.077, 8068.64, 12332.462, 9156.05, 12083.714, 4684.45, 7265.793, 11479.0, 11822.556, 6489.516, 4684.0264, 14328.154, 6664.483, 10704.211]"
Assault,MQ(h=1),"Float32[380.60092, 283.5, 405.9673, 685.3721, 896.54865, 1238.4482, 1799.5, 1070.0824, 2216.898, 3009.5, 4833.407, 1310.6145, 1783.6666, 3258.1282, 1521.7089, 7542.4736, 7667.2383, 1557.407, 2956.3958, 7468.2856, 2948.0, 5368.3335, 5822.1724, 7799.591, 4132.4287, 8312.556, 7862.375, 12082.429, 5532.1934, 6623.6665, 7305.0, 7550.421, 8471.315, 7400.875, 12778.214, 8092.45, 4010.7437, 11816.23, 11026.4, 6276.593, 11569.6875, 4098.5137, 10232.723, 8030.7, 9623.389, 7829.4165, 10172.381, 9653.875, 11529.706, 6651.517, 11368.1875, 8365.909, 6399.2964, 12096.0, 4745.1177, 12281.533, 5955.3213, 10803.333, 6433.857, 9873.15, 12684.6, 6971.316, 15356.083, 11762.8125, 13463.929, 9649.474, 10497.389, 10552.385, 15335.538, 4855.294, 16757.8, 5080.4707, 4646.222, 4699.7837, 3103.4082, 12005.2, 5955.567, 13616.071, 9905.5, 9997.579, 4821.1562, 6359.5864, 12232.846, 8777.789, 10074.0, 9076.087, 10483.474, 9134.45, 4447.625, 9800.0, 10837.941, 14289.134, 11098.588, 9658.857, 5898.0347, 12052.934, 12124.75, 13629.4, 13906.538, 9118.158, 8664.546, 8355.046, 12424.143, 9415.238, 3768.568, 11989.5, 13339.923, 10509.632, 4633.079, 13731.786, 9787.0, 8556.708, 13030.357, 7558.174, 8854.05, 10965.235, 7630.154, 8718.454, 8243.708, 14251.462, 9403.723, 12000.3125, 9208.363, 9775.65, 5722.6875, 10264.833, 8857.348, 7022.5713, 9948.315, 10409.333, 8205.608, 11793.883, 9337.477, 6105.484, 9657.228, 15450.7, 9120.5, 10784.866, 10648.2, 12926.533, 11864.583, 9274.75, 14729.2, 17978.5, 11124.0625, 11445.158, 10458.0, 7040.222, 8296.228, 6994.577, 8079.375, 14845.23, 6471.68, 15412.333, 12285.733, 8227.81, 11494.583, 8932.632, 9092.869, 10005.117, 11126.75, 9767.091, 7726.28, 14834.462, 13131.375, 8490.826, 9639.619, 6804.2666, 5506.6855, 9284.05, 13023.0625, 11854.929, 7266.72, 9260.368, 12950.5, 9962.952, 9255.261, 11963.6, 12780.533, 8545.667, 10755.833, 12572.714, 12481.0, 12052.444, 11854.75, 13808.7, 13995.786, 10600.55, 14232.615, 10008.143, 7173.6523, 11087.833, 14190.0, 11267.842, 9181.059, 6127.25, 16184.0, 14998.6, 11420.2, 9536.65]"
Asterix,MQ(h=10),"Float32[184.375, 217.6856, 425.53192, 400.28735, 393.65482, 688.871, 760.9929, 863.1579, 1125.3885, 1558.397, 2167.0732, 1840.7693, 2865.9795, 3314.1025, 3072.7273, 3453.5293, 3152.3364, 3119.9153, 4836.5674, 4551.724, 5625.758, 5178.9854, 6211.594, 4957.7383, 5716.0, 6170.0, 7400.0, 6514.4927, 6463.768, 8027.0493, 5614.045, 8327.869, 6559.4937, 7799.2188, 7962.319, 7322.3687, 8726.516, 6388.372, 7829.1045, 12982.353, 11268.104, 10999.193, 16381.111, 14374.444, 18134.0, 12236.029, 24010.87, 11246.269, 20530.77, 25088.541, 21519.81, 24603.773, 31495.455, 23196.227, 25261.54, 34491.465, 34603.57, 12306.081, 27645.098, 32832.293, 40348.81, 44328.207, 37939.285, 27747.059, 52830.26, 29294.117, 49556.25, 70610.94, 53861.54, 56141.668, 71910.61, 84368.97, 38971.05, 55493.75, 60304.055, 52800.0, 77950.0, 69295.836, 76412.91, 101770.37, 81340.32, 82875.805, 62420.27, 99264.29, 95558.62, 82839.39, 95194.83, 122630.766, 77941.43, 121868.516, 19267.857, 150754.17, 112106.664, 116226.664, 73761.54, 99900.0, 199352.38, 148206.0, 127123.08, 188371.73, 122261.664, 65302.438, 283194.44, 197850.0, 226266.67, 275744.44, 146392.6, 310367.66, 254120.0, 158616.67, 159772.22, 169861.11, 87883.336, 162287.5, 235200.0, 206732.61, 187378.27, 329861.12, 121592.42, 274220.0, 302627.78, 277480.56, 224718.19, 312246.88, 294776.3, 194881.25, 153609.27, 106142.42, 179513.47, 351373.53, 132287.5, 158444.64, 168701.86, 380593.34, 348405.88, 317567.66, 356390.62, 233761.36, 338741.2, 239492.86, 163755.56, 294677.78, 310816.66, 307950.0, 231080.44, 195331.48, 144098.44, 138009.72, 316070.6, 281554.75, 276157.9, 375762.5, 354661.75, 402200.0, 402062.5, 222587.5, 270602.62, 268673.7, 367462.5, 212936.0, 314263.16, 335388.25, 304405.0, 411136.66, 388221.88, 107277.94, 238852.08, 353970.6, 402137.5, 291442.84, 272785.0, 396109.38, 282432.5, 161791.08, 410480.0, 285133.34, 129947.14, 415340.0, 96075.0, 281907.9, 171205.36, 325197.22, 482642.3, 346594.44, 322772.22, 318961.12, 317727.78, 411353.12, 375171.88, 424416.66, 195753.84, 313639.47, 378338.25, 221575.0, 481819.22, 345766.66, 480596.44, 428420.0, 420820.0, 311417.5]"
Asterix,MQ(h=10),"Float32[209.52971, 131.83673, 185.64357, 390.86758, 400.60242, 592.37286, 608.6835, 753.2143, 874.37274, 1056.8075, 950.4329, 1862.3188, 2492.3914, 2329.2036, 2811.1702, 2829.9065, 3355.9524, 3084.6155, 3779.6052, 3727.957, 2886.9749, 3977.7173, 4814.7886, 5846.0938, 6036.0654, 6807.0176, 6263.636, 5215.7534, 7052.5864, 6130.986, 6479.3335, 6166.2163, 7864.2856, 8370.0, 6022.561, 5805.357, 6921.0146, 7144.6665, 6792.5, 9272.308, 9253.175, 7181.4814, 7417.284, 9296.479, 10804.167, 11171.774, 12128.333, 12586.44, 9488.0, 13136.207, 15001.64, 15656.896, 11536.429, 16541.072, 25912.5, 21974.074, 22217.646, 20839.475, 27227.55, 24336.275, 20802.543, 33223.332, 19720.967, 36124.418, 30942.857, 33161.11, 26143.965, 34076.598, 32945.555, 53101.35, 17176.352, 48020.0, 42060.227, 62337.145, 56889.188, 62274.324, 73875.805, 68328.79, 74809.68, 66635.71, 86203.57, 54101.19, 61591.89, 62333.824, 53751.22, 63310.812, 46233.332, 77850.0, 99664.29, 115384.62, 95096.77, 79702.94, 142238.0, 81632.81, 99553.23, 101281.25, 71584.21, 159754.34, 100095.164, 164936.95, 66410.0, 185538.64, 162054.17, 67358.336, 192300.0, 26436.428, 194384.78, 234009.53, 105389.39, 262613.88, 234550.0, 251565.0, 156520.38, 217261.36, 184772.0, 312205.88, 144136.53, 201383.33, 139762.06, 250860.0, 224735.72, 285911.12, 314552.94, 249566.67, 207954.34, 210452.17, 330643.75, 287355.56, 269807.9, 228161.9, 279460.53, 348503.34, 296511.12, 261142.5, 258760.53, 261400.0, 229356.81, 213525.0, 227379.55, 370262.5, 310505.56, 254640.47, 303650.0, 129042.65, 354712.5, 303361.75, 207781.25, 379134.38, 256814.28, 266260.0, 364829.4, 196686.53, 306407.9, 267531.6, 188839.58, 308513.88, 298684.22, 342365.62, 148842.86, 374240.0, 229583.33, 316563.88, 303825.0, 215120.83, 283064.28, 238908.7, 231586.36, 389960.72, 188453.58, 193623.08, 285327.5, 397206.66, 342703.12, 339400.0, 343105.88, 242475.0, 359390.62, 422964.28, 364861.75, 256742.11, 114568.75, 273226.2, 404806.25, 314700.0, 239178.27, 315989.47, 381790.62, 303765.78, 362226.47, 313778.94, 361526.47, 436307.16, 320726.3, 411028.12, 384668.75, 445076.66, 376115.62, 232330.44, 383734.38, 144150.0]"
Asterix,MQ(h=10),"Float32[139.32927, 253.16205, 143.42105, 210.5, 364.26913, 455.14905, 686.4686, 877.15515, 977.88947, 1644.5652, 1825.7042, 1780.7433, 2512.8572, 2713.6365, 2862.371, 3035.7144, 3465.8538, 3006.1982, 3570.8333, 3526.818, 3607.6191, 4603.846, 4585.0, 4651.5957, 3981.5127, 6520.4546, 6781.9277, 7204.7944, 6515.341, 7836.6665, 6991.3794, 7512.0254, 8265.973, 7858.4414, 7422.6665, 8889.394, 8520.667, 8562.329, 10455.737, 8860.135, 11943.333, 8413.125, 10572.535, 14281.746, 11620.423, 27522.223, 24369.81, 28560.639, 27530.393, 33513.043, 28143.518, 12924.074, 25849.123, 18332.191, 38372.824, 30116.346, 36633.652, 27892.373, 60277.777, 51509.758, 67405.555, 29769.643, 37406.523, 64290.91, 51869.766, 88801.85, 70412.86, 90886.2, 99390.74, 88615.0, 79937.5, 82835.94, 94338.336, 116723.08, 123868.0, 64290.54, 120044.234, 130133.336, 126894.0, 127875.0, 152508.7, 88134.85, 122351.92, 83386.11, 140005.77, 148465.39, 133251.78, 139257.4, 79077.02, 130835.71, 225423.81, 253231.58, 246454.77, 148007.14, 182058.0, 251242.5, 217788.64, 248122.5, 319231.25, 301776.47, 102025.0, 193498.0, 173615.39, 192342.0, 198994.0, 279742.1, 256902.38, 100963.516, 333491.66, 244997.62, 266377.5, 205019.56, 250169.05, 182857.4, 256369.05, 149832.14, 241090.47, 195032.61, 241640.0, 342991.2, 201117.31, 188088.89, 256850.0, 360056.25, 379506.66, 213085.42, 363725.0, 216625.0, 387765.62, 259673.81, 360070.6, 147836.67, 289042.1, 413780.0, 307513.16, 484057.7, 255257.14, 386162.5, 274471.06, 236404.55, 429014.28, 246145.23, 280757.9, 386968.75, 428210.0, 343847.22, 416267.84, 339014.72, 484626.94, 296505.25, 408810.72, 480214.28, 255371.42, 352787.5, 319407.9, 278057.16, 444056.66, 458770.0, 452375.0, 342238.25, 449096.44, 289586.38, 417478.12, 542804.2, 276347.5, 458927.28, 683515.0, 199168.75, 486795.47, 585591.7, 359230.78, 558408.3, 232283.33, 584787.5, 462500.0, 373854.16, 341258.34, 65145.832, 119555.555, 260179.17, 271185.72, 68900.0, 499833.34, 222275.0, 199312.5, 92960.0, 169136.84, 200034.1, 559466.7, 414243.75, 182211.77, 283607.16, 182200.0, 267934.62, 264858.34, 171740.9, 237540.9, 604025.0, 132833.33, 306357.7]"
Asterix,MQ(h=1),"Float32[64.599236, 276.54495, 254.86258, 665.72327, 833.3955, 1231.016, 2002.7028, 2382.377, 2625.7427, 2654.2056, 2790.6543, 2876.699, 2946.5686, 3020.8333, 3445.7896, 5192.373, 4782.5, 5369.853, 6959.434, 6592.1055, 5460.3657, 7380.8335, 6954.839, 7214.4927, 6491.0957, 4829.4736, 8320.492, 10559.615, 8775.0, 10457.018, 11431.481, 10048.529, 8107.927, 14071.187, 20034.0, 25648.838, 13111.765, 27922.223, 14400.77, 32624.39, 35701.164, 34568.75, 33197.727, 36855.13, 28406.73, 42946.152, 39143.023, 51320.832, 31545.834, 46856.25, 45306.098, 43577.906, 53412.5, 69146.97, 82600.0, 50160.0, 71088.234, 69442.42, 90570.37, 66902.78, 75619.12, 53752.562, 95072.22, 79589.06, 50486.906, 122941.664, 100062.07, 56707.5, 77850.0, 113194.234, 107157.14, 90066.18, 96273.336, 100635.94, 87001.47, 153468.75, 146145.83, 63454.285, 110426.56, 207459.53, 170714.0, 118062.91, 120948.27, 140788.89, 260702.78, 230532.5, 167326.0, 115412.96, 66810.71, 211270.45, 104738.89, 148957.14, 297284.38, 235221.42, 229035.72, 216357.5, 159062.0, 221011.36, 200475.0, 191489.12, 258326.31, 200376.19, 227456.81, 265210.0, 212493.75, 209343.75, 330640.0, 250883.33, 331961.75, 242538.1, 296516.66, 292097.06, 260245.0, 192891.67, 335168.75, 256965.8, 366815.62, 221054.17, 300321.06, 318716.66, 253466.67, 263739.47, 328450.0, 190196.0, 272536.84, 296600.0, 331370.0, 194940.39, 246268.19, 377634.38, 74535.71, 205897.92, 342238.25, 301055.25, 272190.0, 357768.75, 350896.88, 336708.34, 301016.66, 220258.7, 339878.12, 225889.12, 368693.75, 298088.88, 154006.45, 308539.47, 367463.34, 391643.34, 402539.28, 261842.86, 207798.14, 84921.8, 388646.66, 230684.1, 310238.25, 376160.0, 298572.5, 328718.75, 315267.66, 321411.75, 344434.38, 442689.28, 351235.28, 166718.75, 247382.61, 368371.88, 283316.66, 285965.78, 190608.7, 221300.0, 395737.5, 393906.66, 372721.44, 191985.72, 307980.0, 393281.25, 341770.6, 302752.5, 391825.0, 364812.5, 439660.72, 442782.16, 367934.38, 389083.34, 410180.0, 337844.44, 448428.56, 442756.66, 498865.38, 343716.66, 438243.34, 329276.47, 414006.66, 284560.0, 465267.84, 347397.06, 453580.0, 166368.0, 447561.53, 225162.5]"
Asterix,MQ(h=1),"Float32[190.0, 275.14563, 403.13226, 640.0, 735.4386, 1202.1978, 2056.9673, 2506.1904, 2643.8054, 2649.1453, 2729.6611, 2860.2803, 2720.1836, 2796.93, 3188.7754, 3480.0, 5219.8413, 4887.1797, 5466.4287, 5318.0557, 6122.561, 5907.7383, 6369.62, 7358.3335, 7859.4204, 7991.781, 7776.3516, 8536.956, 10608.654, 10341.804, 11132.308, 11460.448, 9965.873, 8573.81, 17459.434, 22230.0, 20168.367, 23153.125, 23609.184, 29636.957, 32056.818, 30217.021, 35245.24, 32138.373, 24781.482, 33829.348, 21190.566, 26457.0, 34178.41, 38089.023, 47772.367, 39013.953, 35865.305, 52212.164, 43122.727, 53832.895, 39143.617, 60897.297, 58982.434, 68761.43, 48816.668, 52020.51, 67061.766, 66442.65, 79071.875, 69498.57, 62458.57, 72008.82, 86351.664, 73334.29, 101875.0, 138072.92, 84266.13, 134988.0, 71991.664, 60506.758, 108933.336, 143968.0, 153325.0, 170267.39, 164864.58, 208044.73, 111843.1, 232365.0, 246294.73, 211138.64, 290247.22, 292358.34, 120681.25, 260337.5, 269110.53, 131914.06, 149837.5, 240072.5, 251478.95, 318846.88, 269321.06, 292315.78, 238170.45, 160229.31, 284638.25, 280455.88, 184768.19, 266031.6, 267765.0, 95666.25, 260805.0, 195697.92, 192195.66, 316375.0, 302975.0, 303555.56, 127795.586, 326979.4, 221034.78, 288018.4, 240654.77, 308467.66, 283057.9, 265407.5, 307402.78, 340093.75, 318811.75, 263097.5, 357963.34, 317276.47, 255252.94, 328064.72, 140074.19, 232257.14, 304280.56, 222072.73, 261833.33, 346296.88, 280897.38, 280927.5, 301379.4, 258581.58, 247809.53, 214996.0, 202008.33, 249675.0, 357340.62, 275221.06, 254811.9, 310808.34, 311816.66, 309172.22, 310466.66, 407083.34, 351406.66, 324581.25, 274670.0, 267205.0, 337384.38, 301207.9, 320261.12, 187237.03, 413270.0, 356446.88, 306526.3, 419464.28, 353652.94, 206642.0, 165506.89, 398013.34, 388776.66, 184869.05, 370675.0, 234861.36, 366797.06, 403086.66, 332564.72, 361255.88, 465310.72, 303847.22, 220152.17, 254356.52, 252864.28, 416350.0, 269511.9, 467800.0, 345488.88, 383178.12, 480823.06, 287065.0, 422103.12, 267269.06, 397403.12, 227881.25, 486015.38, 353917.66, 499935.72, 200156.25, 483210.72, 416757.16, 405781.25, 345279.4, 203263.05, 298527.5]"
Asterix,MQ(h=1),"Float32[155.55556, 268.8492, 323.8095, 522.3154, 961.73914, 1585.5704, 1618.6957, 2419.7114, 2859.375, 2936.6335, 2881.9048, 3261.111, 2962.3809, 4114.835, 4093.0232, 5972.9507, 6391.4062, 5330.46, 4832.6733, 6079.7295, 4644.737, 6771.0845, 7448.6113, 7712.143, 7483.7837, 7115.625, 7898.0264, 8281.884, 7530.5557, 9136.111, 8539.61, 11544.203, 9996.622, 7807.471, 19098.04, 14428.688, 17455.172, 20161.32, 20346.363, 28489.797, 31284.445, 25644.117, 34066.668, 35400.0, 36497.676, 35941.11, 30198.98, 35518.086, 30423.469, 44772.5, 38872.223, 37294.316, 38491.49, 53785.527, 47076.25, 55684.21, 49830.0, 61752.855, 51767.074, 68727.94, 27726.852, 50898.75, 49715.117, 39656.668, 86536.664, 89131.664, 62100.0, 90923.336, 73713.234, 99727.78, 70839.48, 82675.0, 120564.0, 80500.0, 116120.0, 93880.0, 90766.13, 92367.74, 163404.34, 166866.67, 181883.33, 119792.86, 134653.84, 91388.57, 201600.0, 128694.445, 142644.0, 209377.27, 65533.723, 142474.08, 168936.95, 189287.5, 118112.5, 263910.53, 160122.0, 189191.3, 238775.0, 97673.53, 122948.0, 262344.44, 221542.86, 184094.23, 269450.0, 246757.14, 231188.1, 246845.23, 183097.92, 307858.34, 214342.86, 274407.9, 282855.25, 200502.27, 293166.66, 191210.0, 40629.09, 313971.88, 101594.59, 174400.0, 317514.72, 259395.0, 290389.47, 304544.44, 294102.78, 271715.78, 299222.22, 223654.34, 357531.25, 311829.4, 342738.25, 318247.06, 362462.5, 330220.6, 237468.19, 312625.0, 255995.0, 386503.34, 141298.33, 343806.25, 225359.53, 368326.66, 227558.7, 112547.06, 282871.06, 222376.1, 348393.75, 297713.16, 317586.84, 215290.0, 348773.53, 249186.36, 264388.1, 394693.34, 239952.27, 260992.86, 318661.12, 392290.0, 375970.6, 404117.84, 282736.84, 382215.62, 287440.0, 218850.0, 228326.19, 284608.34, 412389.28, 337923.53, 341405.88, 332879.4, 365161.75, 389279.4, 286717.5, 383543.34, 238735.42, 299210.53, 415906.66, 269234.1, 406166.66, 431596.44, 408053.56, 400630.0, 404146.88, 408575.0, 503557.7, 411783.34, 472414.28, 480767.84, 329427.78, 266086.97, 434293.34, 322041.66, 351479.4, 476370.84, 387961.75, 515261.53, 530969.25, 543392.3, 532380.75, 371976.47, 422983.34, 211128.0]"
BeamRider,MQ(h=10),"Float32[1.8333334, 738.5714, 2.2, 476.13113, 721.75, 536.9231, 645.48834, 507.60397, 448.2963, 613.3571, 639.7241, 723.5077, 1029.7949, 2068.7827, 2423.366, 2845.2104, 3849.3547, 5703.391, 5488.3706, 5753.52, 6574.5835, 7439.905, 7274.75, 9167.0, 11344.353, 9692.737, 13236.875, 11740.0, 13844.714, 11827.333, 14814.934, 18601.54, 12287.375, 12365.625, 15194.143, 16646.572, 12060.471, 14746.0, 15988.286, 14030.667, 14278.8, 16377.857, 18009.846, 21775.334, 17515.691, 16258.714, 16058.286, 19404.166, 16773.715, 20977.4, 15004.75, 23130.666, 18525.143, 13832.0, 15814.714, 18053.076, 14526.934, 16018.0, 14756.8, 21245.2, 14163.0, 14202.8, 15828.625, 13564.235, 20326.309, 15463.125, 18173.143, 14913.25, 14986.934, 16187.571, 12809.444, 19934.77, 14434.125, 18032.572, 15624.267, 19282.0, 14949.625, 18665.143, 21521.54, 17885.0, 17301.143, 17565.732, 14863.125, 18083.285, 24138.0, 18399.715, 18688.666, 22483.691, 21889.834, 15679.6, 17463.715, 21815.0, 20172.77, 23945.834, 19783.076, 20615.691, 18081.076, 19135.285, 18811.715, 17921.334, 19422.285, 22172.0, 19329.428, 28259.273, 19928.0, 20242.715, 22242.0, 22108.924, 21122.154, 21023.846, 20891.5, 27685.637, 20568.615, 29273.273, 27920.727, 17082.0, 22094.309, 21314.715, 18675.428, 19322.0, 24581.0, 21663.846, 31839.273, 26082.182, 23420.5, 22197.23, 22076.428, 18165.428, 28679.834, 29274.363, 27300.363, 25425.834, 24982.615, 24593.0, 19019.857, 23552.77, 21940.428, 18606.268, 21229.23, 17884.25, 24909.0, 35439.0, 32603.4, 29748.545, 23884.154, 25383.0, 22993.23, 27153.5, 25979.23, 29657.637, 28604.166, 15779.529, 27874.908, 26906.666, 28402.166, 18828.0, 24047.54, 32754.6, 30245.273, 32303.273, 31870.182, 25605.273, 35401.4, 31335.455, 38355.8, 33621.0, 36396.363, 41004.223, 25152.0, 32647.637, 25988.5, 25126.77, 23964.46, 24086.46, 23770.924, 28355.0, 26758.5, 30251.334, 25267.23, 25853.54, 24415.846, 30763.637, 30527.455, 26212.5, 26249.54, 25434.46, 33733.453, 26714.309, 29198.334, 29787.818, 27529.0, 28310.0, 31307.273, 29404.666, 37766.0, 28029.166, 28936.166, 37843.8, 20245.285, 28340.834]"
BeamRider,MQ(h=10),"Float32[0.0, 548.5246, 0.0, 703.9245, 608.2909, 483.72278, 655.04, 409.69492, 569.3494, 705.2381, 546.76, 873.76746, 887.52, 1343.3062, 2393.8223, 2985.7646, 3723.3125, 5130.643, 4668.2144, 5548.4, 7328.952, 8236.471, 8794.737, 9028.8, 9970.667, 10052.111, 10278.588, 10922.353, 13277.5, 14654.143, 9655.053, 14876.286, 13523.5, 17058.334, 14458.667, 14242.533, 17784.309, 14092.134, 19730.166, 16549.846, 14128.134, 10977.294, 13314.625, 13640.0, 12610.0, 13730.5, 15111.143, 14747.6, 16697.285, 15815.857, 18330.428, 14207.066, 17101.0, 17827.076, 17372.285, 19473.572, 17440.143, 12541.125, 13330.375, 15573.066, 18272.143, 16487.715, 15558.571, 18666.924, 18932.0, 19062.834, 21596.834, 17612.154, 18119.285, 20833.666, 22950.334, 21782.0, 17432.428, 17034.857, 14497.125, 21070.834, 19329.846, 23012.666, 22826.666, 24799.334, 15653.2, 14815.2, 21718.666, 24495.818, 19612.0, 21867.385, 18659.428, 18286.572, 27253.455, 24683.0, 19018.154, 25690.666, 19951.691, 31741.8, 19399.385, 15223.2, 29707.273, 21089.666, 20732.309, 22936.5, 17966.934, 22640.5, 27382.908, 26427.273, 34506.2, 27084.363, 24338.666, 28014.363, 26673.092, 29400.0, 23657.54, 24129.166, 22246.77, 19916.143, 23381.666, 24144.334, 29438.908, 24032.334, 20729.076, 25769.666, 23441.334, 24016.334, 26632.0, 19451.428, 21232.309, 24962.166, 28411.818, 27214.908, 22632.77, 22545.691, 21407.428, 25711.834, 34496.4, 18302.934, 25706.834, 23763.23, 31671.4, 23929.834, 27942.545, 24197.0, 20257.143, 25872.166, 32243.273, 26583.092, 22031.846, 24820.924, 21030.154, 32979.8, 31275.8, 28888.727, 32961.6, 29510.727, 25606.834, 28116.182, 32807.273, 31584.0, 29388.545, 28554.363, 24360.154, 28782.182, 20752.857, 27286.666, 27507.834, 24844.77, 32203.273, 31330.182, 28843.834, 36036.4, 31423.455, 26162.309, 31113.637, 25175.334, 26416.924, 24601.54, 22906.615, 28212.0, 24626.77, 29669.166, 23356.77, 27892.5, 26126.166, 26224.166, 31990.545, 23653.54, 22323.572, 29491.0, 33441.4, 29365.0, 25856.0, 25960.334, 30956.166, 24586.166, 29989.5, 31474.908, 30724.908, 31695.455, 32634.182, 25132.0, 26637.834, 26712.0]"
BeamRider,MQ(h=10),"Float32[8.585366, 481.24326, 3.1058824, 374.0, 569.7544, 462.12344, 806.4889, 501.52942, 769.1268, 797.25, 631.15295, 820.3896, 1098.3673, 1921.5, 3107.5386, 3729.3142, 4165.1724, 4938.385, 6494.0, 4933.5557, 6788.5, 6676.8335, 7595.909, 8382.7, 8478.7, 7223.0, 8516.105, 11563.883, 11053.412, 10205.789, 9880.111, 8948.353, 11783.883, 10753.223, 12792.706, 10291.053, 12242.25, 14383.286, 10738.444, 11413.765, 11424.823, 14852.571, 15300.857, 12164.444, 13952.4, 10111.263, 15924.134, 15199.286, 14767.2, 17196.857, 11913.059, 14885.733, 14521.333, 17442.143, 16482.428, 16168.571, 20849.334, 16044.286, 15793.429, 18870.924, 17952.285, 14842.533, 12347.667, 13868.375, 15563.733, 16270.857, 13611.125, 19015.076, 13780.941, 16607.732, 18585.867, 19153.54, 16071.066, 18929.0, 14780.667, 21659.076, 18518.533, 19857.23, 23066.166, 22540.46, 19736.154, 24223.818, 16815.715, 17935.715, 18026.572, 23921.834, 21051.23, 21954.0, 24694.0, 20860.154, 22989.5, 20593.23, 24867.0, 26421.637, 16321.333, 15364.125, 21829.572, 16353.375, 16339.5, 21404.572, 17090.0, 27318.666, 26734.727, 21894.154, 19807.691, 18940.4, 21185.846, 21620.46, 29930.182, 23849.5, 18128.857, 20647.076, 19255.428, 17657.334, 15375.177, 19672.285, 24382.834, 23030.46, 21030.285, 24486.166, 24101.0, 23751.691, 18949.715, 20908.715, 16437.625, 25401.834, 17400.5, 27895.455, 24627.334, 21419.857, 22724.666, 28287.273, 26900.0, 19540.715, 21838.154, 19256.4, 22860.77, 19163.2, 21084.0, 18642.285, 21543.572, 26264.666, 26250.166, 16800.875, 21899.076, 29082.363, 24208.154, 20900.4, 27428.0, 27261.334, 29066.0, 29156.363, 25695.5, 18143.066, 22108.77, 29330.727, 20615.715, 20906.857, 26723.273, 27049.0, 25407.334, 28338.5, 22842.46, 30093.092, 26908.5, 18796.0, 20538.666, 26363.846, 22207.076, 26327.5, 24493.846, 26311.076, 22508.715, 26911.834, 25386.924, 27981.666, 23861.54, 22983.54, 23368.715, 22269.285, 19078.268, 18903.066, 27274.166, 22053.857, 33530.0, 26931.666, 33214.832, 31071.166, 48337.555, 30352.908, 28841.0, 25062.77, 22499.285, 26630.166, 35348.4, 24493.23, 23580.572, 28972.834, 27786.77, 33082.547]"
BeamRider,MQ(h=1),"Float32[237.70116, 134.7848, 25.495327, 399.28357, 521.26666, 649.1613, 1323.491, 2736.8484, 4571.5, 5731.2, 6634.364, 7837.6, 8190.2104, 6742.1, 7626.6665, 11547.529, 9915.0, 12288.375, 13561.143, 13758.0, 11514.941, 9897.066, 13072.375, 14424.267, 12821.25, 11382.235, 13707.333, 13112.235, 13084.75, 13933.2, 12593.75, 16125.0, 18022.154, 15501.143, 16830.857, 16143.429, 15103.866, 10759.765, 14663.866, 15674.934, 17561.5, 17889.857, 16971.0, 17762.428, 18847.385, 14741.866, 17611.857, 21008.46, 18076.285, 18323.54, 18622.46, 16592.268, 14702.75, 16578.857, 18120.143, 18808.857, 17210.934, 20112.924, 16879.066, 19963.334, 18266.285, 22224.0, 19106.133, 21011.857, 17062.5, 17490.572, 16580.8, 27413.092, 26656.363, 17084.8, 23586.309, 18056.285, 16110.134, 15253.059, 23822.0, 19672.309, 21526.154, 15996.75, 23949.846, 27415.166, 20551.066, 22626.154, 17984.934, 18397.467, 19984.934, 23092.154, 20352.572, 20942.615, 21156.77, 19988.857, 18352.666, 18208.666, 20040.857, 15615.765, 24531.385, 25060.5, 25219.0, 24381.166, 25692.334, 25524.0, 21482.924, 21845.715, 20033.143, 20488.533, 19816.428, 20416.4, 17296.133, 19700.4, 19867.066, 23981.23, 24868.46, 17485.625, 25800.309, 20018.857, 21185.143, 20827.0, 20823.0, 23287.857, 17204.75, 19424.133, 23484.309, 17808.8, 22700.715, 23297.23, 19226.268, 28669.834, 18522.4, 23255.385, 27238.0, 20317.867, 23389.691, 20674.133, 26598.0, 14637.579, 24862.77, 15628.556, 21174.428, 18951.334, 19342.666, 25264.77, 22795.715, 26070.0, 28973.166, 26167.23, 27208.334, 24579.857, 27655.0, 24793.846, 20418.4, 24019.0, 25198.924, 24222.285, 38467.6, 24043.076, 28955.0, 20657.2, 21416.0, 27621.666, 29741.455, 25772.5, 24165.54, 19453.467, 27980.0, 17413.445, 24003.285, 27691.5, 22513.572, 20267.875, 26082.46, 21673.143, 27330.5, 24645.846, 27552.834, 23872.0, 16732.777, 33816.4, 23840.46, 19454.268, 24955.385, 25603.691, 35575.2, 23841.691, 24696.857, 18026.875, 19702.934, 27794.334, 24375.143, 26179.54, 27130.0, 26678.924, 18429.646, 21581.125, 19788.4, 16854.111, 21539.334, 23576.285, 20886.375, 22921.857, 18802.75, 20640.133]"
BeamRider,MQ(h=1),"Float32[8.481928, 0.0, 6.769231, 699.75, 426.0706, 806.55316, 611.1781, 764.2182, 728.8372, 782.98303, 949.3571, 1347.8306, 2379.647, 1956.6842, 5263.385, 6350.174, 5066.077, 7000.5835, 7781.263, 7665.3335, 7749.619, 9364.333, 10041.647, 9044.556, 10446.235, 10620.235, 11657.25, 12229.647, 12448.625, 14326.714, 12094.125, 12113.647, 12580.5, 12651.714, 11749.0, 14971.066, 14989.2, 13812.125, 14173.733, 12864.125, 12275.0, 19407.666, 14916.143, 14642.667, 17403.572, 15668.0, 20377.5, 19120.154, 17321.834, 14564.667, 14777.6, 19248.615, 10936.0, 17004.8, 17315.857, 13735.75, 15131.2, 16963.143, 15464.134, 17270.857, 15890.533, 17196.143, 20566.77, 16113.733, 19376.46, 16292.714, 17480.428, 17176.268, 23470.0, 13997.2, 13622.471, 20544.77, 14463.647, 17368.428, 17899.572, 17744.285, 15824.4, 19480.615, 18122.572, 21132.924, 22310.5, 20782.0, 25153.455, 25731.666, 21169.54, 18712.285, 24918.5, 25559.092, 23418.166, 20086.309, 18843.428, 19392.715, 19788.133, 22383.334, 22048.0, 19660.0, 20860.0, 15521.0, 20893.846, 22559.5, 20918.0, 24344.5, 18910.428, 23430.834, 19551.385, 20220.857, 18361.285, 28337.834, 19586.428, 20326.309, 23806.334, 21161.572, 20051.076, 29191.4, 22195.385, 21167.23, 24678.0, 22040.615, 17855.715, 17460.133, 27628.5, 20886.572, 23414.924, 25384.166, 24564.77, 30613.637, 25983.5, 24159.691, 19915.857, 19805.857, 20685.428, 30154.363, 23452.309, 24419.846, 22065.846, 21081.572, 28236.334, 20228.428, 21121.572, 18388.533, 23570.0, 24322.166, 22489.846, 22788.143, 30577.455, 24876.77, 19725.867, 24806.0, 29172.545, 24488.615, 24701.54, 29554.727, 31452.363, 30957.092, 34401.2, 20653.857, 19057.732, 24287.076, 30429.818, 21813.715, 31637.092, 28110.666, 25713.691, 30058.0, 25638.834, 29892.545, 22168.309, 30280.0, 24044.924, 32185.092, 20646.0, 18737.0, 20906.857, 30173.334, 24744.154, 29135.666, 22996.143, 29328.666, 29830.545, 21093.732, 24664.154, 21492.572, 21472.143, 25917.385, 30299.834, 27684.834, 29821.5, 26026.924, 23873.285, 24884.924, 26511.846, 31144.5, 26552.615, 24456.154, 26739.666, 21585.732, 28367.54, 22006.8, 44231.555, 27736.5]"
BeamRider,MQ(h=1),"Float32[10.0, 691.85187, 41.82178, 578.4, 573.619, 363.23636, 530.2857, 594.1772, 761.2308, 729.55554, 1102.1493, 1404.5416, 1968.2858, 3443.1516, 4513.0967, 4717.4443, 5229.5835, 6929.273, 7978.1904, 8227.429, 10187.556, 8063.3335, 8970.777, 9451.053, 11480.823, 12419.066, 10049.647, 13393.066, 16425.076, 14570.533, 12467.75, 15166.308, 17613.23, 11045.777, 15067.333, 10282.556, 13235.375, 14501.143, 14558.714, 14536.714, 14730.0, 15480.923, 15366.714, 12781.412, 15585.6, 15236.533, 7990.091, 12197.177, 12450.471, 19206.154, 18265.166, 12470.353, 13114.588, 13850.875, 16772.46, 11637.294, 16007.333, 16485.143, 16668.572, 13620.125, 11816.333, 14362.8, 16368.857, 20338.924, 19418.924, 15280.0, 17371.846, 20298.924, 16438.428, 19888.309, 19471.691, 26102.0, 23541.23, 17968.572, 20110.5, 17244.857, 16264.4, 25458.5, 20699.691, 18750.46, 21544.309, 20777.846, 22376.0, 19191.857, 20989.666, 16919.857, 26167.092, 23139.166, 18408.715, 23214.0, 20749.691, 22104.166, 18955.732, 24834.334, 23067.666, 34677.2, 22212.77, 26619.0, 20929.857, 17124.0, 19740.4, 24071.0, 22138.834, 19851.54, 23341.334, 22593.076, 25697.666, 28622.545, 20068.428, 22693.5, 16635.75, 22192.154, 27358.182, 26265.273, 26906.727, 19630.572, 23661.334, 25947.666, 20390.77, 21709.691, 25921.166, 30378.0, 25971.0, 25623.0, 26353.334, 27756.5, 25931.455, 21735.846, 23663.5, 27426.0, 26383.5, 30419.455, 27014.727, 18334.268, 24792.834, 26491.54, 20868.0, 24631.385, 30859.818, 25315.846, 29174.908, 23588.924, 27250.615, 29140.0, 24120.615, 23180.857, 24449.0, 27022.334, 26865.166, 28686.5, 26347.666, 26283.385, 23295.846, 22747.846, 20727.857, 26743.166, 27299.846, 23673.143, 23511.857, 28795.0, 25774.46, 25755.834, 29046.834, 25889.0, 18976.727, 26248.0, 29315.166, 25241.076, 27347.334, 37472.6, 33858.0, 25559.846, 34372.547, 31013.273, 25044.154, 24278.615, 28115.0, 25052.615, 25798.154, 34852.668, 32625.455, 31097.818, 24331.076, 24021.846, 20849.2, 27388.834, 21461.6, 26757.23, 26502.166, 22746.715, 28664.924, 23645.428, 27978.77, 30524.182, 35461.816, 28109.334, 42935.332, 26562.834, 19844.533, 24092.309]"
Breakout,MQ(h=10),"Float32[2.625, 0.6666667, 0.16666667, 0.02917505, 3.9751554, 8.207483, 9.137381, 9.933852, 13.004951, 20.626667, 16.96923, 12.675127, 33.17094, 34.723076, 31.270493, 46.47059, 35.572727, 70.111115, 48.01, 123.18033, 53.090164, 62.03125, 38.53719, 83.11628, 76.80808, 83.70526, 74.056816, 98.37805, 112.17647, 107.82927, 112.34722, 153.57535, 291.1746, 187.43056, 291.8, 371.54053, 374.775, 383.25, 376.7143, 409.5, 369.52173, 373.875, 336.32257, 392.77777, 413.6, 464.8889, 325.5, 412.33334, 419.26666, 357.4, 428.33334, 348.0, 556.3333, 356.86667, 403.8, 583.4286, 398.0, 347.83334, 533.625, 370.5, 405.5263, 416.83334, 445.125, 582.7143, 492.4, 423.875, 358.0, 389.0, 465.66666, 402.0, 400.0, 515.8, 411.7143, 424.14285, 424.42856, 408.83334, 418.5, 406.8, 422.75, 413.33334, 371.2857, 422.66666, 475.5, 421.5, 379.83334, 383.0, 382.85715, 596.8333, 420.85715, 378.33334, 379.75, 482.4, 365.2647, 424.42856, 387.44446, 398.9, 546.625, 405.5, 488.16666, 364.66666, 389.33334, 347.33334, 366.66666, 402.2, 479.66666, 406.375, 388.2, 395.22223, 418.16666, 419.6, 344.85715, 399.25925, 423.65, 375.97778, 409.5, 509.8889, 445.85715, 778.1667, 395.11765, 529.1429, 407.8, 746.9524, 410.73914, 420.83334, 420.2857, 428.0909, 133.15463, 426.7857, 409.66666, 438.57144, 432.08334, 399.57144, 413.5, 660.4286, 405.52942, 414.375, 492.8, 403.18182, 413.5, 398.91666, 462.64285, 358.0, 422.625, 420.0, 424.45456, 461.6, 445.7143, 480.7143, 398.5, 444.61905, 412.15384, 141.79167, 400.4, 373.2857, 374.66666, 417.78787, 540.3333, 760.1875, 388.83334, 391.75, 367.78125, 393.125, 432.7143, 521.8333, 749.8333, 483.36667, 409.3846, 465.85715, 413.33334, 649.5, 446.89474, 425.375, 556.9231, 384.375, 298.4074, 559.1667, 420.7143, 357.86, 410.0889, 358.02325, 413.8, 686.625, 501.5, 426.0, 678.8, 337.83334, 770.1111, 359.875, 455.5, 500.21875, 445.38297, 502.2, 820.26086, 683.7692, 651.4286, 577.2857, 592.25, 624.8333, 534.5, 414.0]"
Breakout,MQ(h=10),"Float32[2.0, 0.5714286, 0.05263158, 0.5, 3.0017123, 3.0034246, 7.909091, 4.0019455, 16.994898, 22.585798, 9.662921, 18.35533, 17.12, 30.327435, 23.14516, 33.959183, 48.31915, 43.588783, 28.338346, 71.554344, 36.963303, 83.75532, 96.71605, 77.685394, 72.166664, 67.17978, 100.86667, 153.84, 152.63414, 145.25926, 183.04167, 208.20895, 291.55173, 109.53125, 311.27026, 373.5625, 306.0862, 390.4762, 389.22223, 404.4, 550.7143, 373.83334, 363.33334, 395.4, 395.26666, 442.66666, 371.6, 405.5, 382.5, 404.66666, 451.3, 372.7857, 333.91666, 411.0909, 338.57144, 402.57144, 374.84375, 393.0, 333.33334, 451.75, 381.5, 469.0, 392.83334, 461.7143, 406.57144, 401.1111, 416.33334, 423.4, 412.4, 376.83334, 475.7143, 349.6, 407.66666, 414.0, 424.14285, 777.0, 407.33334, 398.83334, 465.6, 666.875, 386.6, 411.2857, 382.8, 347.86487, 421.4, 376.16666, 488.6, 427.5, 496.4, 389.0, 406.5, 414.8, 407.42856, 533.5, 378.6, 487.0, 534.1667, 535.8182, 483.4, 425.5, 438.33334, 410.0, 428.0, 656.5714, 406.6, 482.4, 407.8, 355.2, 390.16666, 374.33334, 741.6, 494.8, 399.5, 489.83334, 494.0, 415.4, 626.5, 365.42856, 626.0, 664.8333, 415.2, 594.4286, 489.8, 546.5, 402.0, 506.66666, 725.1429, 672.4, 416.04166, 403.4, 411.8889, 563.6, 496.5, 636.5, 798.875, 415.0, 645.6, 624.0, 564.6667, 594.0, 412.0, 494.66666, 776.0, 413.2, 686.2857, 729.2857, 798.2222, 382.6, 497.33334, 624.5, 587.0, 835.8333, 589.4, 637.3333, 425.66666, 421.5, 343.52274, 501.0, 584.6, 518.5, 608.6, 705.625, 788.5714, 425.16666, 600.8, 452.57144, 604.2857, 497.83334, 475.66666, 717.0, 660.6, 408.0, 803.8889, 673.7143, 690.5, 424.65714, 515.4, 507.6, 396.16666, 781.86365, 509.6, 540.875, 684.86365, 747.6667, 763.4, 415.78262, 607.2857, 508.0, 820.5, 786.9167, 640.8333, 452.22223, 506.8, 851.2857, 711.6667, 184.0, 503.5, 817.0, 792.625, 486.6]"
Breakout,MQ(h=10),"Float32[2.25, 1.6, 2.0, 2.5714285, 2.9818182, 6.5681157, 4.0417495, 18.48372, 10.34874, 12.2570095, 24.073334, 12.403141, 9.739436, 18.737968, 17.347305, 33.62992, 35.866665, 40.650944, 44.625, 52.783504, 82.77333, 32.051094, 74.34884, 67.9375, 91.15294, 107.297295, 102.289154, 91.4321, 177.85715, 127.802635, 138.27849, 360.34146, 209.77109, 212.64615, 287.06494, 319.26315, 309.30908, 393.73172, 321.85715, 376.5, 405.54544, 387.33334, 325.4091, 389.33334, 358.58823, 365.0, 486.5, 376.6, 568.6, 397.5, 408.57144, 249.2, 374.14285, 659.3333, 395.0, 408.0, 387.0, 428.83334, 337.4, 683.2105, 387.2857, 555.2857, 376.8, 474.0, 370.66666, 425.0, 408.83334, 464.83334, 387.8, 420.15384, 328.66666, 392.39285, 337.14285, 448.25, 447.33334, 399.8, 421.05, 331.2, 371.0, 411.22223, 455.0, 285.66666, 400.66666, 423.69232, 381.125, 340.33334, 384.83334, 414.4, 383.5, 417.5, 413.35, 315.14285, 607.6667, 399.2, 415.6, 410.4, 675.1429, 413.33334, 413.8, 343.4, 407.72726, 427.7647, 408.2, 415.36365, 388.33334, 417.8, 350.0, 476.4, 393.0, 408.66666, 445.74075, 485.3, 430.3846, 392.0, 493.55554, 782.1111, 455.0, 379.1111, 429.68182, 410.85715, 429.63635, 384.0, 478.83334, 461.66666, 414.57144, 392.375, 410.66666, 734.2222, 376.0, 416.16666, 408.16666, 333.2143, 415.7143, 496.0, 456.0, 397.0, 437.625, 449.5, 432.27274, 473.0, 411.33334, 386.0, 408.25, 409.66666, 441.84616, 409.0, 473.08334, 409.95456, 438.375, 665.1429, 596.0, 425.25, 429.44186, 409.83334, 441.54166, 407.375, 533.8571, 421.81396, 544.0, 403.2, 593.7857, 407.5, 415.57144, 416.0, 382.4, 379.0, 507.55554, 390.66666, 408.0, 438.52942, 319.5, 406.18182, 413.33334, 515.6, 515.5, 534.9, 374.6, 558.8333, 425.1875, 455.18182, 400.65115, 334.0851, 415.42856, 549.25, 518.4, 479.2, 449.85715, 580.375, 454.0, 342.0, 362.27777, 400.2, 464.8, 343.2, 432.58066, 418.92307, 387.0, 364.0, 410.44446, 576.4286]"
Breakout,MQ(h=1),"Float32[0.039314516, 0.5, 3.9807692, 16.730158, 15.016483, 18.595348, 35.723213, 27.793894, 40.915092, 19.297619, 45.616665, 85.3421, 106.34286, 99.0, 173.84706, 108.1625, 143.19753, 125.197365, 163.58333, 207.63043, 275.47916, 394.96774, 382.75, 341.73334, 357.7143, 469.4, 458.83334, 407.8, 461.5, 366.67856, 388.8, 419.3913, 333.7143, 347.2, 384.8, 380.0, 382.0, 486.2857, 375.14285, 313.2, 362.2, 474.6, 394.0, 408.6, 366.16666, 387.0, 389.44446, 455.625, 485.5, 337.83334, 413.66666, 315.125, 706.8421, 417.5, 340.15686, 336.7143, 395.2, 457.0, 639.0, 371.4, 392.14285, 377.0, 385.75, 417.16666, 257.275, 401.0, 318.85715, 403.88235, 394.55554, 71.5942, 395.14285, 385.2, 470.66666, 427.17648, 496.375, 411.36365, 352.451, 419.0, 400.5, 163.89362, 390.8, 476.0, 364.6, 422.8125, 339.6, 454.5, 419.0, 378.6, 417.22223, 420.57144, 407.375, 408.33334, 399.0, 351.0, 399.625, 446.8889, 432.42856, 682.2, 369.0, 410.0, 387.33334, 400.33334, 402.0, 399.0, 439.52, 402.0, 425.42856, 455.33334, 289.2, 326.6905, 388.33334, 431.0, 412.0, 408.64285, 367.5, 412.83334, 788.55554, 386.75, 359.0, 378.53845, 407.33334, 394.1905, 410.4, 426.8, 413.7857, 464.66666, 386.2, 402.0, 519.8571, 412.8, 473.0, 439.46155, 583.61536, 423.0, 474.875, 440.0, 408.83334, 771.3333, 405.2, 384.375, 411.7143, 414.5, 424.66666, 387.66666, 373.6, 426.8, 406.0, 795.08, 406.0, 547.5, 433.3, 327.3846, 426.8857, 785.0, 650.3, 369.83334, 451.0, 400.0, 414.15384, 474.0, 430.73685, 449.27777, 426.7931, 449.2, 413.7, 394.5, 388.7143, 401.33334, 426.05884, 392.16666, 447.2857, 769.1111, 413.33334, 343.60464, 412.46155, 504.5, 411.5, 712.56525, 736.32, 414.70456, 699.1429, 427.14285, 94.42857, 415.9, 509.4, 369.8, 409.75, 392.33334, 475.375, 419.625, 481.33334, 408.44446, 398.16666, 588.0, 249.22728, 406.22223, 422.1111, 412.91177, 421.55554, 419.07693]"
Breakout,MQ(h=1),"Float32[0.71428573, 2.991453, 7.8125, 9.246377, 16.322035, 19.379122, 24.626865, 56.197803, 57.392525, 38.495728, 48.608246, 86.68831, 285.23077, 96.4321, 96.43374, 162.32051, 209.81482, 177.11539, 217.44615, 318.93442, 357.0, 399.36365, 407.54544, 398.42856, 388.72726, 379.375, 576.8, 391.91666, 400.57144, 361.5, 416.0, 337.2, 404.6, 381.2, 373.0, 410.1, 408.8, 389.27274, 464.0, 400.16666, 462.5, 413.6, 382.25, 402.0, 401.66666, 418.875, 386.16666, 413.55554, 126.0921, 354.70212, 351.63635, 404.33334, 413.8, 364.0, 493.0, 386.2, 412.6, 404.8, 408.2, 412.33334, 188.89362, 359.2, 785.41174, 398.75, 493.83334, 400.4, 418.875, 316.125, 417.42856, 335.6, 407.66666, 500.0, 382.2, 475.5, 410.33334, 411.1, 371.66666, 387.7143, 347.3421, 391.2, 431.61905, 421.66666, 387.0, 414.6, 411.9524, 420.875, 385.14285, 457.66666, 325.5, 417.4737, 412.5, 391.5, 474.23077, 408.7, 382.66666, 422.66666, 438.0, 369.57144, 387.2857, 415.0, 414.7857, 399.53845, 416.2857, 423.85715, 418.0, 402.0, 415.625, 425.34286, 547.1429, 325.78262, 429.42856, 408.85715, 371.46667, 420.0, 471.83334, 388.83334, 453.0, 599.73334, 484.57144, 436.14285, 734.7143, 539.0714, 367.91666, 403.0, 418.5909, 429.33334, 356.87756, 274.86487, 437.66666, 482.57144, 424.2, 487.14285, 699.38464, 405.875, 424.65, 557.0, 538.3333, 588.6, 415.2, 387.33334, 431.66666, 381.53845, 443.2, 380.4, 383.33334, 491.33334, 495.66666, 417.5, 453.81818, 401.78946, 449.4, 439.0, 410.83334, 239.6, 376.8, 468.84, 428.42856, 698.5714, 364.2, 475.66666, 379.4, 596.1429, 419.33334, 411.8889, 511.2, 430.0, 421.75, 419.46155, 392.625, 382.4, 420.41666, 763.1667, 406.5, 534.8333, 507.2, 442.92307, 416.10715, 425.5, 786.0, 395.0, 476.0, 423.33334, 422.5, 459.0, 506.0, 482.0, 578.0, 350.55814, 421.0, 599.1429, 419.44446, 414.2, 501.42856, 536.3333, 475.96774, 428.375, 544.0, 547.55554, 506.125, 774.5]"
Breakout,MQ(h=1),"Float32[0.038306452, 2.0, 2.9189188, 11.522322, 15.766304, 19.15951, 29.873135, 34.567795, 42.695236, 50.82828, 70.08889, 80.106384, 69.21506, 180.85365, 123.02702, 87.210526, 95.650604, 114.314285, 126.246574, 235.16072, 175.0339, 325.09756, 315.6316, 397.6154, 418.125, 356.7, 398.42856, 490.85715, 387.375, 415.4091, 385.85715, 377.25, 390.2, 415.4, 444.83334, 406.0, 435.16666, 416.48148, 468.0, 384.5, 350.4, 412.06668, 408.66666, 430.0, 407.8, 466.33334, 354.83334, 450.80768, 624.4, 380.0, 382.5926, 506.83334, 375.83334, 405.16666, 724.8, 799.8571, 351.66666, 400.66666, 385.0, 416.57144, 522.6667, 435.66666, 366.83334, 415.2857, 314.16666, 343.8, 385.4, 473.66666, 342.625, 410.8, 424.33334, 379.33334, 502.4, 533.1667, 625.8333, 423.0, 387.2, 503.6, 498.6, 414.2, 424.14285, 483.16666, 493.83334, 496.0, 500.25, 470.4, 775.2105, 415.0, 376.7143, 452.2069, 535.3333, 394.5091, 471.83334, 474.5, 660.7143, 370.0, 405.4, 390.2, 709.1667, 390.2, 582.8, 418.0, 427.875, 442.81818, 477.0, 660.8, 664.4, 414.0, 398.5, 495.83334, 410.6, 395.4, 671.1429, 513.8333, 494.0, 460.77777, 487.875, 576.6, 753.0, 495.0, 433.16666, 380.0, 410.83334, 448.33334, 490.0, 695.0, 418.55, 394.0, 533.5, 537.1429, 487.0, 425.33334, 384.2, 480.16666, 628.5, 509.77777, 388.6, 430.54544, 480.22223, 480.0, 847.6667, 382.16666, 730.7, 829.5714, 711.8333, 496.16666, 795.375, 702.1667, 576.0, 432.33334, 417.5, 679.6667, 418.2, 432.42856, 469.2, 412.16666, 863.8889, 393.5, 415.33334, 625.0, 407.6, 560.3333, 428.6, 424.14285, 804.5, 410.0, 407.2, 426.5, 788.0714, 554.5, 465.69565, 397.57144, 589.4, 813.8333, 421.17242, 522.8333, 405.4, 455.33334, 357.75, 566.7143, 548.3333, 358.33334, 757.7778, 587.8, 417.3, 837.2857, 613.2857, 487.5, 418.4, 500.4, 461.0, 419.22223, 401.55554, 467.16666, 787.5, 601.75, 572.6667, 571.3333, 425.33334, 535.6667]"
MsPacman,MQ(h=10),"Float32[69.471695, 161.53334, 155.80646, 886.9231, 437.0397, 578.1273, 917.4194, 1070.6359, 757.9382, 684.332, 1368.5416, 2379.5276, 1387.5194, 665.43726, 1709.826, 1823.8281, 1979.36, 1347.9141, 2492.742, 591.82965, 1292.4475, 1781.1111, 2472.8813, 2163.1538, 2152.449, 2321.8896, 2380.1653, 3478.4465, 3826.1946, 2364.7153, 2048.1035, 2344.6729, 2234.2708, 2233.9814, 2316.4583, 2282.5454, 2348.397, 2803.611, 2308.3333, 1905.8772, 2423.3645, 2451.485, 2444.7874, 2596.0396, 2459.5283, 2871.5095, 2707.629, 4307.681, 3546.1206, 4673.9473, 4354.268, 2660.5103, 2544.5378, 3728.5366, 3832.5, 2575.1401, 5083.5938, 2510.3362, 5867.5947, 4287.164, 5389.722, 5033.5527, 4197.2974, 2195.1545, 4281.8667, 4228.75, 5592.264, 5371.3794, 6664.0, 5023.5483, 2031.1494, 2580.5173, 5028.9854, 4383.636, 4457.3613, 5652.5864, 6311.4546, 4554.9277, 5685.7627, 5694.9204, 6255.0796, 5002.9507, 5168.3335, 4992.8984, 2808.8784, 6576.8335, 5652.4194, 4874.262, 5508.7095, 5471.6924, 4380.263, 5771.1665, 4049.87, 5805.1514, 4657.015, 5210.164, 6358.772, 5298.2354, 5787.7417, 6161.7856, 4874.3076, 5384.1934, 5201.3433, 4607.3687, 4324.299, 4420.0, 7044.098, 6043.0, 5717.1875, 6067.5864, 6614.34, 5824.3857, 5062.0737, 6661.5386, 5856.1816, 6110.5264, 5602.143, 6109.245, 6775.769, 7732.3076, 2856.5686, 6484.4443, 5330.6665, 6027.9243, 4713.5, 6949.032, 5614.4116, 6713.585, 2984.4, 4522.9414, 6537.3584, 6245.185, 5853.9287, 5843.1035, 4826.2686, 5254.923, 6570.3447, 7044.5283, 6605.357, 6038.148, 2937.3147, 3182.809, 4928.75, 7114.6, 6693.5186, 6796.2, 4719.5586, 7660.0, 6002.6787, 7207.5474, 6081.0713, 7082.909, 6186.2, 7042.6416, 6771.1763, 6487.759, 6749.4644, 5897.719, 5597.7417, 6418.039, 4982.174, 5692.838, 6774.5474, 5972.963, 6924.912, 7104.62, 7173.2144, 4920.4414, 6211.923, 6288.7036, 6586.364, 4727.0, 7533.148, 6663.7734, 7327.115, 7728.148, 6695.0796, 3772.5842, 5246.1196, 5494.355, 6218.1133, 7414.902, 6775.686, 7923.5713, 6542.2, 7004.706, 4791.803, 7203.654, 7094.0, 7295.636, 7155.5103, 6726.6, 6793.2075, 5503.7705, 6451.852, 6525.1924, 6606.731, 1038.9204, 4062.5974, 5446.4]"
MsPacman,MQ(h=10),"Float32[68.90566, 190.47505, 480.9486, 207.73946, 918.7402, 1395.4166, 2050.5847, 886.2112, 1397.841, 726.1739, 2275.6924, 1346.0714, 1449.2771, 1719.4965, 2017.6871, 1741.3483, 1642.3387, 2752.314, 2187.843, 2685.0833, 2102.6155, 2420.1638, 2377.1074, 1838.3688, 3986.312, 2271.2214, 1833.125, 2010.2587, 2428.4329, 2025.124, 2922.8225, 3128.2568, 1814.679, 1940.5385, 2046.014, 2632.7537, 1661.4474, 2669.3103, 3259.8215, 3446.5413, 3171.842, 3177.3914, 4177.423, 3226.1062, 2367.6985, 3700.0, 3181.3281, 5345.375, 3238.205, 2573.12, 3921.9177, 3751.6667, 3714.6155, 5521.892, 4801.7646, 5238.171, 2661.0205, 3863.8462, 3681.453, 3725.3774, 3744.1667, 6610.933, 2256.0396, 5541.6855, 5353.625, 3749.375, 6285.7534, 3822.4753, 5178.767, 2740.3604, 3607.4666, 2110.63, 3255.2893, 5556.615, 2293.585, 5853.6, 4677.3687, 5589.4365, 5529.5835, 2150.0, 3695.606, 5794.2466, 5288.767, 3732.4468, 5634.7437, 5520.8955, 5633.5615, 4077.3738, 4030.7793, 4743.0, 5369.041, 4911.807, 6056.4062, 2945.8035, 4743.0264, 2269.322, 4025.9092, 5882.933, 5978.8525, 5576.933, 5258.2666, 4795.0635, 6045.4287, 7651.0347, 5508.816, 4823.8823, 5415.3335, 3264.5784, 5322.0, 5330.7246, 6037.9106, 6912.0, 5022.0835, 4391.519, 6916.8086, 4245.0, 4804.4443, 4354.719, 6882.6562, 4922.9116, 5131.081, 5596.6665, 6974.2188, 4750.0, 5914.857, 3357.2974, 4988.9395, 5100.3228, 5250.3975, 3960.2197, 5398.4, 6781.6416, 5213.7334, 6569.8115, 2994.4211, 5487.6924, 3194.8718, 2900.849, 5971.077, 4280.3174, 6144.769, 4539.2207, 7254.6553, 5730.1724, 7460.0, 2575.2292, 5088.6567, 5692.3076, 5072.727, 4286.6665, 1956.9531, 5961.875, 5644.6294, 4796.1113, 6592.069, 6421.27, 5303.7803, 5496.9116, 6239.6826, 1929.1589, 5782.0, 6692.5, 6377.143, 6109.8335, 6441.045, 4134.405, 3465.513, 7885.6895, 6567.82, 6948.448, 5615.4287, 4672.985, 4585.8623, 3229.2913, 3749.1567, 6839.4443, 5821.639, 5693.768, 5964.179, 3231.4656, 4555.1284, 5317.3335, 4012.7908, 6639.3105, 8025.868, 6390.4478, 5033.25, 5598.6304, 6233.7314, 3430.375, 5433.143, 7757.8184, 6822.192, 7858.9287, 5694.9297, 4338.3823, 7570.1963, 3450.6172, 4996.3145, 7704.5454]"
MsPacman,MQ(h=10),"Float32[70.22642, 123.723076, 328.1955, 388.6644, 696.09863, 489.53238, 820.97675, 771.5736, 1277.7711, 1970.8759, 1189.85, 1472.8221, 2055.6643, 1681.8243, 1886.1487, 1728.9763, 1582.5625, 1680.6578, 1817.1212, 2555.3103, 1927.8992, 1724.5454, 1698.9844, 2018.2178, 2714.8838, 2583.92, 2201.3157, 1764.3065, 2935.1401, 2324.3801, 2843.0327, 2628.1372, 3056.033, 3009.342, 2988.6885, 2381.5386, 3135.0, 3128.7036, 3037.5, 3126.1062, 2451.1853, 3372.1487, 2349.916, 2205.3572, 2352.0183, 2386.348, 2379.9, 2373.252, 2362.963, 2239.2234, 2286.5178, 2286.8818, 2311.875, 2312.4219, 2401.1538, 2298.3486, 2091.2068, 2434.0178, 2239.0083, 2282.08, 2362.6548, 2959.4443, 4135.8535, 2385.4312, 2673.75, 2368.3464, 2447.395, 2393.4211, 4366.7144, 2414.2104, 2547.158, 2499.0266, 2679.8796, 2418.75, 2547.9412, 4264.706, 2635.9092, 2504.4443, 1863.7705, 2450.734, 2559.6365, 2806.5168, 3449.6428, 4161.477, 2538.919, 2472.4778, 2729.4016, 4248.2666, 4330.6494, 2567.5962, 2481.8584, 2485.0, 4558.5293, 4034.9297, 4107.3687, 2317.923, 2506.1, 4926.78, 3949.4595, 3807.262, 2569.0, 4000.8955, 5286.0, 3952.4194, 4123.125, 4069.7058, 2548.5715, 4443.75, 4030.147, 3852.5642, 4661.2856, 4337.5713, 4088.642, 5060.145, 2478.24, 2463.4065, 4291.875, 4015.6, 4567.4697, 4236.173, 4664.5947, 4335.1353, 4619.123, 4176.154, 2759.52, 4575.5933, 2720.625, 4023.889, 4654.032, 3816.9048, 4885.3228, 4400.5635, 4386.026, 5087.3335, 5211.356, 3860.8235, 2672.3853, 3991.039, 5196.8965, 4655.6523, 4183.718, 5365.6143, 5164.9297, 4881.0527, 2445.0, 2516.3108, 4517.206, 2804.5745, 4131.8843, 4062.024, 4695.7534, 2712.6042, 3801.6177, 2435.9375, 4704.8438, 3936.0527, 4532.5396, 4465.3423, 6025.0, 4252.564, 6485.821, 4514.875, 4615.0796, 4608.0884, 2609.916, 4989.853, 4409.71, 4006.0293, 4888.197, 2501.1018, 5770.161, 4603.636, 2262.9033, 4193.7334, 4228.3784, 4473.2856, 3007.2917, 6057.846, 4263.4287, 4960.625, 4836.6665, 4708.2812, 4087.4358, 4563.6665, 6113.9624, 4842.241, 5370.893, 4352.535, 5134.568, 5264.909, 4715.6924, 4714.603, 4523.0303, 4317.077, 4647.857, 6300.3706, 4286.3013, 5286.6665, 4732.4243, 4667.971]"
MsPacman,MQ(h=1),"Float32[158.96774, 196.45901, 1544.8428, 624.9741, 705.64886, 1516.72, 1243.7654, 1686.063, 1258.772, 1968.1395, 1608.4795, 1695.7396, 1853.9131, 993.5833, 1443.8414, 1590.1205, 2275.3447, 1716.5714, 2094.5527, 2477.1223, 1491.3138, 1459.0511, 2095.9482, 2126.842, 2085.4465, 2152.8972, 2610.9167, 2418.3333, 1562.1154, 1975.0427, 2509.1667, 2866.3635, 2137.3135, 1546.2179, 1982.3577, 2127.9797, 2414.681, 1750.72, 3920.8108, 2093.7, 2274.6592, 3246.3635, 3519.4119, 2938.9412, 3129.6226, 3996.3013, 4513.6987, 4555.8975, 3915.1428, 3942.7693, 3278.7837, 6454.384, 3782.2222, 3534.6592, 2661.624, 4089.2, 3603.7334, 3946.9863, 3720.238, 3789.3506, 3523.3333, 3690.465, 2275.7693, 3966.389, 2269.7197, 3436.5518, 6139.1177, 4050.8, 4152.963, 3780.5881, 4447.647, 3600.4167, 3576.625, 3996.4285, 4330.5884, 3963.4614, 4547.879, 5263.016, 4246.6665, 1648.4868, 3789.8735, 3941.818, 4020.8955, 4056.3013, 4048.209, 6060.8335, 1871.1765, 4765.5127, 2569.2307, 4045.8442, 4298.4614, 3891.791, 4849.394, 3986.6196, 4749.1377, 4943.3335, 3881.1667, 4710.0, 5001.7544, 4383.5713, 4118.6484, 5124.384, 4994.054, 4275.3228, 4177.4575, 4707.231, 4027.971, 4363.9707, 3904.1667, 4479.5835, 5095.5073, 4009.8591, 4986.949, 4690.769, 4022.5352, 4866.613, 4307.5, 4067.7214, 4338.305, 5682.647, 4914.0, 4039.853, 2606.3635, 5655.424, 3792.0833, 3973.4722, 5653.22, 5943.793, 5115.517, 3479.0, 3731.2163, 4111.9443, 4456.984, 4717.091, 3847.9167, 4411.6216, 3961.5117, 6153.469, 4779.857, 4517.4287, 4650.4287, 4320.274, 5780.0, 4426.1973, 6303.7705, 4458.0557, 3939.8667, 4790.1724, 4973.016, 2472.1187, 3847.5325, 4909.014, 5709.649, 4740.303, 5369.2856, 4122.0, 4677.3438, 4109.625, 6834.2856, 5603.0, 4430.7354, 4607.826, 5302.857, 4401.857, 4420.7935, 5366.4287, 4223.7334, 5774.576, 4531.081, 4545.7334, 5546.5, 5587.273, 5003.448, 4405.385, 4350.5884, 5932.727, 4717.5806, 5419.4917, 4235.1284, 4989.5, 3283.9707, 3148.205, 4626.0, 4343.4287, 4147.8667, 5029.7144, 5500.926, 6486.207, 4632.5806, 3969.1428, 3364.6218, 4324.189, 5276.0, 4322.8, 4130.7246, 5593.5186, 4378.2607, 3705.8904, 4124.516, 5020.926]"
MsPacman,MQ(h=1),"Float32[175.85774, 1013.4667, 678.19446, 737.0103, 825.8298, 815.3125, 1343.6747, 998.02136, 870.8333, 1362.8777, 1309.4263, 1782.9915, 1398.9941, 1986.8055, 1896.0, 1884.0845, 1571.9867, 1785.2028, 1706.9531, 1695.0, 1934.106, 2214.8027, 1850.2174, 2050.8496, 2021.8488, 2912.477, 2185.5264, 2067.1155, 1980.7693, 2610.566, 2945.1304, 2262.6086, 2498.4, 2083.5398, 3365.0, 2638.261, 2725.6638, 2593.173, 4933.896, 2723.302, 2172.243, 2746.08, 2845.8408, 4388.961, 2665.4783, 2830.75, 3289.011, 4144.217, 3702.9268, 2456.5547, 2406.1404, 4815.357, 2561.9417, 2449.487, 4488.243, 4880.4287, 5054.6665, 4353.3784, 5301.528, 3385.3333, 3653.9436, 4047.4666, 5590.5083, 4807.015, 3683.7078, 5375.0684, 3370.7407, 4339.178, 4736.4, 4805.0, 4502.857, 5174.5586, 4434.737, 3950.8433, 3846.3044, 5308.485, 3045.4639, 1530.1257, 7572.0337, 5687.7144, 5962.0337, 2792.9348, 4528.108, 5416.923, 4034.3242, 5555.517, 4449.385, 2253.0527, 4840.274, 5135.821, 4130.137, 5307.4287, 4210.6665, 6783.8335, 5613.9346, 4516.6196, 4089.2, 4332.923, 6056.2964, 3499.4365, 2285.682, 3906.125, 6274.5312, 2611.5, 5702.2036, 4880.0, 4949.5454, 4532.7397, 4710.145, 4376.8657, 4826.364, 5147.8125, 4765.4795, 4110.1333, 4561.231, 6186.5454, 4571.8057, 6311.0713, 3917.8948, 5947.5806, 4327.973, 5266.403, 5356.615, 5261.746, 5910.656, 3096.5935, 6506.6665, 4016.6265, 5868.4746, 7012.6787, 2537.767, 5209.1665, 4462.154, 5583.684, 5205.625, 4839.8335, 6237.069, 4956.232, 4526.184, 4435.6577, 4502.338, 4507.826, 4802.319, 5704.328, 4743.857, 4635.3335, 4523.0, 6080.704, 6570.0186, 4438.143, 4754.3423, 5011.6665, 4403.8027, 3246.3953, 5997.5864, 4304.028, 5052.923, 4600.6943, 4373.1885, 4999.014, 5158.7144, 4205.9155, 4338.8, 4372.857, 4440.0, 4831.449, 4693.7314, 2131.875, 4663.7637, 4638.7837, 4315.3247, 4975.424, 5187.761, 5965.4546, 5438.5293, 4363.5527, 5128.493, 4798.0283, 4106.857, 4732.5, 4250.946, 4795.0747, 5050.154, 3741.0527, 4576.1196, 5332.5, 4960.4224, 4861.127, 4618.5713, 6447.647, 5342.464, 5060.145, 4746.8853, 4649.5586, 5150.857, 5061.1475, 5318.4375, 6800.6777, 4837.4243, 6424.8]"
MsPacman,MQ(h=1),"Float32[80.86066, 319.70038, 171.20967, 653.9109, 863.0453, 507.59857, 666.2041, 1270.9722, 1821.28, 2499.9307, 853.19147, 2570.0, 1841.8699, 1722.7559, 1893.125, 1252.1428, 1806.2264, 1871.9019, 2263.8816, 1670.0769, 1919.9286, 2089.077, 2067.764, 1818.9062, 1920.303, 1838.3495, 2111.9492, 2109.4392, 1993.8687, 2135.2632, 1841.7021, 1813.8384, 1895.0793, 2389.208, 1944.2056, 2044.7573, 3743.4119, 1937.6316, 2156.923, 2048.8784, 2027.5385, 2323.7273, 1945.9836, 3828.8635, 3407.6624, 3650.946, 2566.8, 1880.3472, 1859.078, 3476.3855, 2894.3901, 4983.59, 3493.1646, 2071.6787, 3948.2856, 3820.4, 2019.7479, 3604.8718, 3850.7576, 3494.6155, 3567.0886, 4007.7026, 4213.125, 2891.6494, 1743.1655, 3884.9333, 1638.4028, 1973.0709, 3517.5, 4174.8613, 3566.4197, 3845.6338, 3728.8708, 4413.846, 3073.5293, 4157.391, 2375.2102, 2127.8152, 3973.4614, 3912.3289, 4082.2974, 2652.371, 3856.8657, 4666.615, 4356.5386, 2369.7637, 4734.483, 2811.6304, 4781.25, 3723.2876, 3596.75, 3255.244, 3897.7144, 5671.3335, 4097.0, 4103.5483, 3792.5, 3858.5508, 3742.1428, 3982.7144, 3709.1892, 3521.0227, 5326.8423, 1888.4397, 3861.7646, 5380.0, 3925.7896, 4702.909, 4575.085, 4430.1587, 4770.909, 4230.4478, 4264.2856, 4132.5806, 3714.8052, 4741.0713, 5003.684, 5347.193, 2905.2173, 3955.5073, 5005.893, 3973.768, 4225.5225, 4088.0881, 3911.2698, 5185.185, 5167.9663, 4670.0, 4882.6313, 4260.1562, 4235.1562, 4876.316, 3809.861, 5225.091, 4473.485, 4718.095, 5743.8887, 5955.7407, 4657.963, 4977.7964, 1085.4819, 1734.4828, 3805.8108, 2205.5264, 4819.6665, 5306.2744, 4018.205, 4919.4917, 6128.0, 5336.5386, 4701.356, 4294.6577, 4175.7144, 4520.476, 5422.6787, 4090.7043, 5505.6665, 5013.3335, 4302.154, 5577.6665, 4456.3237, 5066.2964, 3900.3845, 4408.919, 5496.2266, 2113.7957, 4318.6484, 5305.849, 7021.961, 6253.1577, 4987.241, 5844.5454, 5494.815, 5087.3076, 4553.457, 4361.948, 4017.7144, 5895.517, 4423.143, 5601.5386, 4943.2856, 4849.032, 4898.0, 5278.5967, 5856.78, 4233.7144, 6586.0, 5804.8213, 4216.825, 5923.9287, 4690.476, 5894.915, 3695.9702, 6091.636, 4389.6724, 5382.9824, 4625.1562, 6082.9033, 4255.2114, 4119.8613]"
Qbert,MQ(h=10),"Float32[13.653846, 125.0, 324.45142, 154.94505, 250.51021, 699.85297, 792.56757, 599.18365, 749.5714, 740.88116, 1322.5746, 1618.9922, 603.5971, 464.10788, 605.2, 991.9725, 557.4029, 864.65515, 779.1985, 4734.7085, 812.40155, 628.8618, 590.6077, 4901.056, 4526.128, 3976.389, 4058.7786, 4163.761, 3972.7273, 840.26105, 4012.255, 4340.476, 4247.6, 4045.055, 4159.596, 4302.4194, 4167.593, 4287.5, 4548.5293, 4797.222, 7694.253, 4352.5864, 4348.8315, 7668.696, 8069.4443, 759.4203, 7716.2603, 4238.9053, 10917.961, 11334.667, 7938.5967, 11320.608, 8053.049, 14452.108, 11890.294, 15226.974, 15840.678, 15679.386, 15706.25, 12190.361, 12424.152, 14810.77, 15142.544, 16137.745, 14967.029, 15534.375, 16390.5, 16064.683, 14770.423, 15365.789, 15376.315, 14998.973, 14947.794, 18055.357, 15611.709, 15825.0, 15917.453, 15461.667, 16312.963, 15742.213, 18629.902, 15995.283, 19638.021, 14858.882, 15765.518, 19046.809, 16501.47, 16718.627, 19826.531, 19442.79, 18750.0, 20075.0, 16689.553, 15996.429, 19077.717, 19965.0, 22185.256, 20132.064, 16310.547, 19642.0, 23105.0, 19025.473, 19809.434, 24131.25, 19819.396, 22681.123, 25384.459, 15866.418, 19971.93, 20307.5, 23700.596, 19836.607, 20136.0, 23722.283, 20330.455, 20845.0, 19966.51, 27598.611, 23332.143, 24257.738, 20561.17, 26734.615, 24968.572, 25983.125, 25121.795, 24556.395, 19865.625, 17051.695, 24312.777, 17003.814, 24465.477, 24921.951, 22655.232, 27316.447, 19843.137, 22066.0, 16120.0, 17243.518, 27657.236, 27444.23, 24005.209, 23537.5, 15787.121, 27721.71, 28036.586, 23470.5, 22755.611, 27950.0, 27784.615, 24576.875, 20085.715, 23125.0, 19191.146, 21284.445, 28645.312, 23866.836, 20385.377, 27019.186, 26488.46, 25296.875, 24804.375, 27933.553, 23652.084, 28047.37, 27013.096, 24267.223, 27796.951, 24244.148, 27225.0, 27710.977, 25026.83, 27256.875, 27232.236, 28000.676, 25453.889, 27053.125, 26919.768, 27667.309, 17524.621, 23830.682, 27560.256, 28226.924, 20630.102, 28370.0, 23873.863, 27060.365, 20278.39, 27847.297, 28138.572, 22901.924, 27417.764, 28238.096, 28013.158, 26973.125, 27912.162, 27650.0, 24556.25, 24812.195, 27743.125, 27461.309]"
Qbert,MQ(h=10),"Float32[0.26595744, 126.32979, 139.59854, 250.0, 450.9772, 600.1938, 704.76697, 449.14285, 607.8571, 650.0, 749.35565, 745.03204, 796.5, 474.90775, 452.03046, 794.74884, 4033.6206, 608.89124, 4417.953, 831.5714, 824.44934, 3990.2598, 4366.3135, 4283.0356, 970.14386, 4221.939, 4351.344, 4382.8433, 5044.3037, 4799.329, 4892.7183, 4922.9883, 5473.1885, 4893.86, 4901.145, 4973.897, 4858.3335, 4947.6, 5420.766, 5131.868, 895.86206, 5160.756, 5130.769, 5184.2197, 4755.851, 6090.8086, 12758.214, 13481.019, 12069.277, 12294.298, 16579.285, 16736.508, 13034.0, 16165.254, 14641.786, 16642.982, 16190.726, 12202.777, 17671.875, 17101.23, 16911.25, 17004.479, 16522.348, 16709.766, 16713.924, 20437.777, 20756.666, 17274.092, 15604.348, 19662.037, 20635.5, 19101.818, 17063.889, 19180.611, 16643.479, 17259.584, 16165.341, 19988.021, 17035.908, 20647.059, 19705.29, 19788.043, 15894.915, 16966.797, 16767.188, 20837.234, 20676.63, 19789.5, 20028.723, 21018.27, 16275.0, 20643.889, 20347.873, 20136.363, 17033.771, 20944.148, 17662.71, 19862.5, 17337.295, 20099.49, 17529.098, 20555.436, 21382.387, 24655.406, 17280.455, 20193.5, 20546.428, 17564.453, 16317.411, 19937.5, 19527.041, 19404.166, 17642.348, 20048.5, 20086.412, 23856.395, 19976.562, 16596.31, 20115.625, 21123.5, 19345.555, 19752.703, 22716.326, 24064.285, 20402.451, 19474.057, 16009.836, 19196.635, 25506.578, 22918.902, 15538.637, 20519.564, 24762.5, 27408.125, 23990.0, 17766.826, 26690.79, 24198.781, 24869.871, 16601.47, 20921.666, 25022.873, 24745.35, 23679.65, 27371.342, 24601.191, 26881.098, 25621.25, 24590.342, 20341.666, 23345.744, 16855.172, 21234.883, 26338.691, 26856.41, 26053.049, 23653.049, 12004.082, 23403.658, 19518.5, 15375.0, 20374.49, 23995.93, 23526.137, 26558.783, 23344.047, 19826.96, 26298.17, 16247.826, 23587.805, 20217.188, 20463.334, 24094.643, 27203.658, 21513.75, 19736.275, 16954.365, 15311.393, 19837.256, 25928.75, 26663.514, 20801.041, 26939.88, 26380.488, 26850.734, 16083.871, 22802.174, 20721.342, 23535.795, 25896.512, 25957.143, 25167.95, 26698.125, 26153.205, 26313.953, 25490.625, 19126.064, 23126.875, 23986.111, 20740.385]"
Qbert,MQ(h=10),"Float32[150.0, 125.208916, 125.21008, 646.63464, 624.92065, 425.27075, 549.4076, 1292.6562, 449.87436, 821.85315, 1301.2097, 799.1453, 492.21698, 751.6082, 852.2727, 860.79297, 539.2857, 756.3461, 919.89795, 1254.0948, 500.2451, 817.51495, 866.94214, 847.5, 4870.3433, 920.88605, 4958.7266, 4141.6665, 4329.2485, 3998.0, 4445.4546, 5015.625, 4776.7856, 5044.144, 5493.681, 5061.634, 4472.8813, 7366.4585, 7772.4204, 5313.107, 8507.639, 8858.451, 4682.598, 7713.816, 7726.7715, 11430.52, 11884.451, 11502.989, 8255.825, 12684.507, 8082.944, 12120.931, 15502.465, 12523.529, 12200.625, 12271.015, 11673.192, 15900.373, 16391.305, 16779.387, 12648.79, 16312.0, 16064.855, 17065.95, 16381.049, 15133.553, 16164.772, 16605.803, 16816.363, 17083.771, 15935.526, 15619.444, 15739.345, 15971.667, 15631.034, 15757.547, 15595.635, 20881.756, 16157.653, 17343.75, 16721.76, 15534.589, 15787.5, 19811.734, 17215.385, 16275.848, 16287.5, 16274.107, 17262.963, 16529.236, 18868.182, 19481.633, 16619.299, 16575.0, 16940.277, 16611.404, 17703.07, 16419.14, 20803.5, 20120.0, 19305.611, 17563.266, 19504.545, 19700.0, 12353.494, 20075.555, 20769.643, 16206.159, 16331.746, 17410.0, 16858.334, 16102.5, 20244.389, 20537.805, 7762.295, 22895.139, 15723.106, 19795.098, 19651.924, 16210.317, 20015.762, 21012.791, 22546.592, 20299.469, 19972.059, 24164.584, 15622.5, 16638.334, 23470.0, 16710.648, 16431.451, 22851.162, 20139.215, 20521.111, 19995.0, 24698.719, 20903.408, 20479.348, 24394.078, 24092.072, 16565.477, 25653.658, 20865.625, 19914.895, 26851.389, 23891.666, 23589.635, 16855.357, 15004.464, 24800.625, 24353.846, 25537.18, 27115.541, 27201.281, 27949.305, 27380.146, 20236.5, 25013.125, 21759.574, 17220.258, 23597.674, 24774.324, 27880.883, 27169.445, 20981.633, 24082.5, 28096.621, 24886.54, 26875.676, 23494.445, 16978.303, 22633.152, 28314.062, 20219.908, 17467.188, 26542.764, 27270.139, 20092.223, 23863.158, 27776.352, 24239.584, 26306.41, 26581.945, 24282.064, 26821.795, 21232.143, 15559.058, 26757.895, 24641.25, 24226.281, 23952.906, 20493.627, 24172.62, 27372.916, 23783.139, 24668.902, 25934.756, 27733.975, 20708.889, 16576.25]"
Qbert,MQ(h=1),"Float32[34.232956, 453.16592, 575.498, 490.22345, 300.7883, 777.5862, 448.71033, 802.2109, 825.0, 882.5472, 1093.7198, 931.37933, 742.93787, 836.3537, 1326.6666, 4482.6753, 859.2105, 976.86566, 4282.8013, 3843.376, 4490.909, 4799.8164, 4622.8916, 5525.3013, 4930.851, 4938.0103, 4657.252, 4500.758, 7637.222, 8242.708, 8077.6597, 4644.361, 12121.429, 7992.7886, 7435.326, 14625.758, 14745.294, 7941.435, 11706.169, 14463.672, 11627.15, 4376.5103, 15438.433, 15714.286, 16017.857, 15125.909, 15203.0, 15647.642, 16399.604, 15280.357, 12155.445, 12313.667, 16585.447, 15795.0, 11418.8, 15696.982, 15388.806, 17234.482, 15411.513, 19066.25, 15142.857, 15167.771, 16461.666, 15230.333, 15815.079, 15231.717, 15879.779, 16162.18, 16364.855, 19605.357, 19753.977, 16444.402, 23509.445, 23743.125, 16562.857, 23461.54, 22631.863, 22065.426, 23216.49, 24010.0, 19963.775, 22953.977, 24177.223, 20186.5, 25871.875, 20409.092, 16272.297, 21753.703, 24728.805, 25711.25, 20213.0, 24011.111, 15503.39, 16434.469, 18780.86, 22554.902, 23052.66, 19241.965, 26976.47, 23321.111, 20039.674, 27939.744, 26638.691, 23243.479, 22934.303, 25864.104, 25823.17, 22778.488, 24311.363, 26419.643, 22550.0, 15628.779, 23299.5, 22828.191, 25480.953, 16069.0, 26236.842, 16248.611, 16460.764, 26922.37, 25984.445, 25311.666, 26229.166, 27535.715, 25931.25, 22500.473, 26553.658, 25002.127, 26180.0, 26200.61, 26561.309, 25917.045, 25762.777, 26176.162, 23237.5, 26576.785, 22919.021, 26886.627, 23287.791, 26721.621, 26297.436, 25812.805, 23727.273, 27095.395, 26526.875, 27093.023, 25572.223, 26753.29, 26920.139, 26699.404, 26144.047, 26455.555, 24431.771, 26417.309, 25529.348, 26787.805, 27478.75, 26932.895, 26859.027, 23119.186, 27066.217, 22624.568, 24964.19, 26514.635, 23589.797, 26941.025, 27273.75, 26819.736, 26780.77, 26760.525, 26858.75, 16415.541, 26864.865, 27352.326, 26911.842, 27206.41, 27891.025, 27166.893, 27835.135, 25608.334, 26944.594, 20616.5, 26134.883, 23386.666, 26270.238, 27296.795, 25959.459, 23310.715, 26652.777, 25790.342, 25681.25, 26111.111, 26669.186, 25726.191, 25263.691, 26210.0, 26555.488, 26540.908, 25738.637, 26665.426]"
Qbert,MQ(h=1),"Float32[11.153846, 150.1875, 349.67636, 423.07074, 576.7007, 836.6667, 640.61224, 701.6949, 893.75, 4126.9097, 4902.9414, 4178.425, 4123.256, 1370.8695, 4820.229, 4924.3057, 5428.6323, 4958.4033, 4771.8447, 4911.239, 4917.3076, 5723.729, 8400.568, 9148.958, 4947.345, 8079.126, 505.5944, 8664.634, 11392.663, 11542.941, 15361.029, 11186.145, 8635.142, 11610.443, 7507.2915, 15059.589, 14610.542, 4405.3877, 15446.269, 15324.604, 8500.962, 12182.143, 15711.333, 14849.107, 15350.704, 15049.643, 15693.75, 8673.317, 15563.732, 18792.0, 15156.507, 15412.302, 15955.804, 15063.202, 19480.5, 15248.63, 15552.822, 15079.829, 15353.082, 15370.089, 15262.784, 15591.154, 15198.264, 15262.109, 15330.4795, 15452.272, 19257.447, 16134.274, 15317.988, 16133.955, 15366.429, 18543.75, 15907.143, 18470.674, 18745.455, 18875.521, 19407.5, 15404.333, 15643.571, 15672.656, 22259.092, 15227.977, 18883.637, 19497.549, 23167.5, 18412.902, 19073.53, 15691.901, 19180.29, 19658.334, 18651.725, 19068.518, 22624.445, 25881.082, 19246.078, 23187.5, 18900.0, 19185.346, 19117.453, 26793.244, 20891.477, 19199.51, 23189.535, 23901.281, 25670.238, 26693.572, 19104.66, 25066.463, 23912.195, 22920.455, 22590.0, 24230.488, 25901.924, 17333.02, 25707.387, 22231.771, 21769.34, 19363.637, 22448.334, 19338.889, 25005.232, 23464.104, 22653.846, 23592.613, 26013.373, 20690.385, 22202.041, 15500.32, 23633.152, 26275.676, 16710.656, 26180.625, 24436.875, 26127.777, 19456.25, 26187.791, 25739.13, 26209.092, 26826.875, 23532.955, 26499.404, 22875.555, 26105.625, 24343.334, 25302.842, 27087.5, 26565.854, 19597.414, 25551.191, 23028.889, 22259.783, 26242.857, 26110.795, 23462.223, 26798.17, 26710.256, 15825.725, 25582.316, 26095.121, 26903.049, 25620.121, 26959.146, 23745.11, 23279.07, 26040.555, 23745.93, 26649.432, 23158.125, 26790.385, 24714.361, 24275.555, 19598.584, 27315.79, 24492.684, 26697.436, 27236.309, 26041.25, 26584.146, 26404.486, 23734.445, 16886.594, 25765.0, 19594.492, 25351.875, 25942.777, 23906.771, 22122.62, 26605.113, 26581.578, 26147.727, 26357.5, 23337.234, 16272.826, 25578.572, 26247.094, 25706.111, 26587.805, 26186.111, 25869.047, 26076.111]"
Qbert,MQ(h=1),"Float32[124.71847, 76.719574, 249.5603, 399.49326, 526.12177, 776.3819, 4920.7207, 1240.0463, 904.6651, 877.9167, 4055.036, 916.369, 867.73505, 975.19086, 549.3655, 4371.7856, 3827.285, 718.3246, 4737.288, 4350.0, 4302.8228, 4241.598, 4880.867, 4412.0586, 4565.6777, 4559.3457, 4943.018, 774.06104, 8209.333, 196.50996, 8444.893, 7918.28, 11899.265, 11826.071, 14601.471, 15175.725, 15043.182, 15044.444, 8021.063, 15430.137, 15231.908, 12609.932, 4238.424, 18479.545, 15954.327, 15154.508, 15555.417, 15529.044, 15839.754, 18526.96, 18814.623, 18980.406, 14512.18, 16353.846, 15513.889, 16109.211, 15508.182, 15452.308, 15526.071, 15711.397, 15732.589, 15601.64, 19027.223, 18991.146, 19115.0, 15706.154, 19196.818, 19431.666, 23156.082, 18745.674, 19751.137, 15492.424, 22965.79, 19043.518, 22286.225, 22358.854, 19056.133, 19565.816, 22446.592, 21565.566, 23291.28, 23153.977, 18929.104, 22977.44, 16156.338, 16003.169, 19209.322, 22457.955, 26155.555, 22775.0, 19033.771, 21826.137, 23431.098, 25779.861, 22887.256, 22357.223, 9104.04, 25320.35, 25938.158, 19296.053, 26060.715, 25302.38, 25305.232, 25614.88, 26567.105, 19672.322, 25740.117, 25285.365, 24916.666, 19911.275, 25616.305, 20296.0, 25853.29, 26445.121, 25007.955, 27474.285, 26074.324, 26432.5, 22881.818, 26558.125, 26342.568, 23447.727, 23683.523, 24942.5, 23687.234, 23134.238, 20174.0, 19345.754, 26830.406, 26091.25, 26166.893, 26492.95, 26658.553, 24138.953, 26136.586, 26183.975, 25757.928, 24073.781, 19660.775, 25814.104, 26341.666, 20507.143, 26906.756, 26153.125, 26681.082, 26243.59, 25607.223, 23380.0, 25655.232, 18757.627, 26132.387, 26482.777, 23776.162, 26065.625, 26330.146, 26768.422, 26423.076, 26389.104, 27409.21, 23065.307, 26817.95, 16391.346, 26844.078, 26765.79, 26669.736, 26689.375, 26254.486, 26987.5, 26798.648, 23831.977, 26874.36, 27717.568, 25660.896, 22803.06, 26014.285, 23967.709, 25930.77, 25919.186, 26345.238, 26659.459, 26090.854, 25833.928, 26579.07, 26595.27, 22860.639, 26870.139, 26074.375, 22612.256, 26359.146, 26665.0, 26152.44, 26954.375, 26195.238, 26816.875, 27229.166, 26189.023, 26056.25, 26320.834, 26733.537, 25902.906]"
SpaceInvaders,MQ(h=10),"Float32[53.276836, 84.27419, 0.53763443, 1.7287234, 51.081635, 195.8159, 453.32062, 322.91443, 310.1337, 415.0, 712.8095, 281.61017, 618.36633, 595.177, 879.70874, 1158.5643, 654.8461, 787.28, 751.3178, 727.6761, 958.2734, 782.9231, 609.59186, 603.5762, 579.46045, 592.7632, 592.1192, 619.57263, 614.68353, 660.9756, 616.747, 598.18713, 618.6585, 626.06146, 621.8823, 922.8261, 824.1503, 654.62964, 706.1832, 613.2, 1308.8125, 1149.5454, 686.4643, 635.7047, 665.6731, 1224.6753, 1083.75, 633.97516, 1366.9512, 1146.2048, 660.5085, 1721.4844, 1233.8889, 1677.2222, 2149.7058, 1249.8235, 1744.3939, 1439.4318, 1284.9398, 1372.5491, 1275.3763, 662.7778, 2225.0, 1296.7822, 1784.6428, 1900.3279, 1341.1267, 1526.2963, 1393.7037, 1473.1177, 1898.5714, 2880.3333, 754.4056, 2659.239, 1348.4482, 2425.4, 1422.2222, 2595.6365, 1480.862, 1835.6154, 2368.8394, 2135.0, 2461.2263, 2997.7, 2699.9038, 1420.2273, 2725.814, 2203.8982, 1559.881, 2509.7222, 2506.1538, 2648.6, 691.2573, 850.25, 2146.389, 1475.0588, 1894.0132, 1666.7307, 2282.2727, 3407.6191, 3091.6667, 2235.484, 1517.5568, 2885.244, 2910.476, 2903.2, 1564.0116, 4199.857, 4441.6177, 3751.8293, 4116.6665, 4714.2188, 4637.4243, 5827.5864, 5740.3706, 3876.795, 2719.2307, 3358.375, 5259.2188, 2757.2449, 3594.0698, 4285.8335, 5905.0, 4500.625, 5659.8276, 3267.0652, 6847.6924, 8955.477, 5614.355, 7578.696, 8291.19, 11115.588, 8674.523, 2480.5085, 9482.0, 20088.0, 3730.8164, 19490.416, 7730.385, 18380.834, 11817.223, 6323.7095, 26428.334, 8411.154, 7449.6553, 7121.25, 11757.223, 20015.385, 6071.2905, 23510.455, 46261.668, 20610.0, 13070.588, 4350.5264, 17942.691, 5714.6665, 27848.889, 16281.667, 23744.5, 24164.092, 6695.645, 11928.056, 18649.23, 8806.923, 27200.0, 7432.4136, 5507.5, 11079.523, 23161.0, 19263.572, 13301.471, 24102.0, 8941.481, 39527.145, 4273.636, 13376.944, 33228.89, 30838.889, 10117.826, 6664.8335, 32276.25, 21894.584, 29578.889, 19889.615, 32630.0, 44055.832, 10331.305, 10779.048, 16777.666, 36228.57, 5129.0244, 11973.421, 16323.333, 30482.777, 33730.0, 41450.715, 9224.131, 9433.667, 36883.75, 17961.54]"
SpaceInvaders,MQ(h=10),"Float32[248.89175, 282.7841, 283.80682, 210.04926, 223.45982, 287.51907, 222.11539, 137.74794, 341.0929, 262.64584, 595.6667, 682.5685, 870.9659, 312.72946, 645.72, 586.871, 970.79785, 703.72266, 666.7826, 618.0242, 635.26117, 627.5338, 755.78766, 628.8728, 614.86926, 575.03625, 642.11676, 563.7349, 1389.5403, 1115.4945, 571.4552, 576.84357, 621.5159, 581.26984, 617.0303, 637.6506, 624.3038, 570.97437, 623.5393, 627.9847, 623.5906, 622.27545, 1155.5233, 1177.4176, 597.00635, 1491.3846, 602.7844, 634.2086, 1088.735, 651.1017, 1311.9474, 843.34375, 661.5407, 656.5603, 1487.7325, 1688.3077, 1190.3334, 1697.0, 1269.375, 662.0134, 644.8101, 1239.8256, 669.5, 1385.8975, 1327.2916, 716.4885, 645.0, 2194.5283, 836.68, 1342.4432, 1650.6451, 1223.2142, 2245.2778, 2402.0, 1291.2638, 736.34326, 1313.0107, 2332.7551, 1507.9375, 1403.3334, 2510.2942, 1214.1327, 1850.862, 2580.5103, 668.244, 2054.9106, 1957.6271, 1717.4324, 1970.6061, 2095.0, 1598.7013, 788.8406, 1299.593, 2568.3, 2562.453, 2397.547, 2400.283, 2447.0, 2930.9575, 2667.0193, 2800.7546, 2232.9465, 911.4286, 2671.0378, 2043.3582, 2476.4285, 4122.3687, 2707.6924, 3232.8408, 1695.3522, 2572.7273, 741.5057, 3370.7144, 1686.3125, 2910.2778, 1742.8767, 3531.111, 3149.3137, 3031.1226, 3592.0454, 5017.5757, 2551.3794, 3964.5945, 3878.889, 2665.6863, 1718.6932, 4576.8057, 5131.0605, 4958.6763, 3681.0977, 3243.8542, 1549.0476, 3605.5813, 3455.1162, 9893.333, 6458.6206, 10753.823, 2955.1785, 5581.3794, 3049.5833, 5026.7646, 9396.0, 4455.0, 8186.8184, 3979.878, 8970.909, 24272.0, 5228.485, 5836.875, 9290.435, 16106.429, 23839.0, 10354.211, 6129.706, 15027.353, 19659.23, 4620.5127, 11928.611, 6955.0, 5874.091, 12940.294, 13497.353, 21727.5, 20815.908, 7075.7354, 16807.5, 19922.084, 9393.044, 20713.846, 26529.0, 29829.445, 17586.154, 12361.5, 4744.7437, 25117.0, 12042.046, 20146.25, 20528.334, 34657.5, 6992.9688, 20976.25, 11293.0, 14263.235, 27798.0, 23695.0, 12227.632, 17051.25, 14330.625, 18114.615, 40957.855, 32673.125, 4468.222, 2092.6614, 6476.7646, 46310.0, 36377.145, 28740.0, 31539.375, 15064.0625, 32310.0]"
SpaceInvaders,MQ(h=10),"Float32[0.42553192, 0.43763676, 225.72864, 183.38383, 122.38602, 714.53235, 216.64793, 110.455765, 174.375, 533.75, 802.807, 596.85345, 582.67444, 402.6948, 643.68, 564.95764, 977.9213, 545.1449, 1957.2642, 1078.1326, 736.7197, 589.5608, 607.32916, 650.3929, 616.4527, 622.88196, 1020.3261, 635.78766, 753.16797, 613.67426, 631.1321, 996.6352, 790.26715, 603.1132, 619.0244, 643.2143, 644.78723, 682.56, 1194.6342, 1182.317, 824.7633, 1325.2976, 1226.4584, 1208.0978, 705.97015, 707.2152, 1408.764, 2058.3333, 690.931, 1210.6173, 1472.9286, 1636.8539, 1339.6, 1591.9231, 721.31946, 1501.2329, 995.3947, 2059.423, 1594.3292, 2177.0652, 1583.9744, 2322.353, 2078.426, 1869.9166, 2628.4443, 2298.3928, 1998.7705, 2390.4167, 1502.7325, 2541.4893, 749.0876, 2772.3865, 2536.0, 1693.6301, 2352.8, 2536.3462, 1429.091, 2657.2827, 2344.8958, 1645.7142, 2985.2273, 3294.8718, 2625.8655, 2380.9321, 2846.2246, 2872.647, 2258.8333, 2860.1086, 3633.9473, 3192.093, 2673.7234, 5824.231, 3518.875, 3493.4146, 1624.0853, 3284.6738, 2829.434, 3411.3953, 3676.5476, 5501.7856, 6035.6, 3275.4082, 5351.8965, 10443.4375, 3792.0732, 6569.2856, 8868.25, 8670.263, 7334.5835, 8702.174, 16118.333, 8120.7144, 2454.9219, 5031.2856, 4413.6484, 5907.8335, 19605.834, 16875.0, 5090.147, 5577.241, 3784.348, 7138.5713, 11436.389, 13925.3125, 25404.445, 42835.832, 29756.25, 4490.2324, 18965.715, 24635.5, 5031.3516, 5446.6665, 24316.0, 19481.666, 28215.625, 8336.154, 26329.5, 29860.0, 43148.332, 8038.5186, 21529.545, 31228.75, 32306.875, 12370.75, 30465.0, 16995.0, 25462.5, 16598.928, 10470.25, 27304.5, 25157.5, 18585.0, 16202.8125, 2456.4707, 19224.23, 14731.25, 19770.834, 21641.818, 27947.5, 34254.375, 13542.059, 3095.352, 36479.285, 31005.0, 11883.158, 7403.8335, 34368.75, 9908.863, 28377.5, 10693.4, 24129.5, 12082.895, 28089.5, 2987.5693, 32595.625, 10149.167, 19861.666, 12876.944, 22954.166, 41213.57, 4580.6816, 46341.668, 20194.584, 34062.5, 4607.8887, 13380.5, 28253.334, 23057.084, 39852.855, 12867.632, 36377.145, 43658.332, 47185.0, 5861.0605, 17842.857, 9102.608, 56734.0, 27558.889, 48578.332, 22400.0]"
SpaceInvaders,MQ(h=1),"Float32[55.75431, 210.99503, 453.19373, 216.05167, 367.24326, 291.01065, 590.4074, 525.2143, 535.596, 611.6447, 635.5944, 959.5833, 761.6, 569.2, 678.8839, 618.7705, 1109.5349, 615.98486, 642.0144, 581.69116, 1054.3024, 1064.8795, 634.96814, 688.5547, 608.9645, 628.96106, 1194.2593, 1122.3287, 1221.1445, 601.9553, 657.1528, 1209.4078, 1148.5714, 664.5946, 1154.1398, 590.7735, 647.67645, 700.7787, 679.3333, 1192.809, 695.5036, 653.1387, 674.2994, 1239.0, 1190.5294, 2585.1086, 600.16895, 750.3595, 1407.7273, 1541.6216, 1530.5333, 1366.2838, 1892.258, 1488.3562, 1482.0238, 2503.5293, 1409.5394, 2445.9375, 894.22766, 2211.5095, 876.1638, 2568.3333, 1993.5483, 2571.7646, 1619.2754, 2401.25, 937.9439, 1417.013, 3476.4473, 1498.75, 2117.1553, 2563.4443, 2568.6792, 906.13446, 2330.3704, 1371.9136, 2682.0833, 2654.4119, 1712.5695, 1947.2656, 2650.577, 2114.1936, 1771.081, 2439.6155, 3031.7021, 2990.6667, 2069.365, 4321.7646, 3423.721, 6087.885, 4052.5, 2999.6938, 3817.973, 4270.0, 4511.1113, 2781.132, 8593.571, 5745.3447, 6105.7144, 5897.3213, 8818.81, 7474.3477, 4180.5405, 11862.647, 9301.0, 4987.647, 7251.875, 10300.526, 9372.0, 8429.048, 6208.9653, 28879.375, 15012.692, 7877.2, 7800.625, 14913.929, 11173.529, 5337.4287, 3730.75, 7824.423, 7976.6665, 3340.0, 6752.5864, 8599.318, 9498.261, 6537.069, 15733.0, 11825.277, 44817.5, 48070.832, 15088.214, 3760.3572, 22057.727, 6916.1665, 18342.309, 17113.0, 34304.285, 6087.6665, 29882.223, 8118.2, 10225.909, 31556.25, 15668.667, 6617.3213, 23606.818, 31997.5, 8104.839, 35498.75, 8065.769, 10000.0, 13432.895, 11545.952, 20485.834, 27374.445, 8283.077, 7507.857, 4233.9795, 28552.223, 8615.0, 30350.555, 2065.281, 5806.026, 34351.25, 27380.5, 5321.5713, 30625.555, 19440.385, 22105.0, 32611.25, 3013.3035, 14280.789, 4053.5, 27907.223, 9921.087, 22583.75, 35143.75, 12297.368, 7501.923, 6747.5806, 2711.228, 33524.375, 6482.0, 19025.385, 2229.5083, 36887.145, 2507.8462, 20390.0, 20694.584, 39270.0, 31171.25, 21470.416, 30591.666, 16532.188, 28431.666, 12439.444, 26417.0, 19621.54, 12523.096, 26704.0, 13753.125]"
SpaceInvaders,MQ(h=1),"Float32[216.6927, 279.26965, 341.52026, 62.28448, 219.54366, 369.2, 541.04895, 583.18964, 688.1, 521.5909, 1070.5555, 1011.0326, 585.3185, 514.6839, 668.4, 613.55707, 616.80414, 613.4228, 1189.0244, 639.34485, 664.7973, 1098.409, 635.744, 1314.359, 1170.1724, 1464.4937, 643.8889, 570.16486, 1130.7142, 850.80536, 666.938, 687.3154, 624.76666, 1139.7094, 1292.5281, 1383.4568, 829.4056, 1954.7183, 614.2308, 1487.0548, 1248.5883, 1388.5632, 1219.5834, 1421.4706, 1329.0507, 2089.0, 2111.0344, 2453.75, 746.47437, 1496.039, 1409.9412, 796.25, 1535.6338, 2464.0195, 2570.6123, 3018.7234, 2493.2, 2374.3618, 2750.0, 2150.082, 1352.8206, 2574.8, 2500.2, 1915.0781, 1949.2466, 2620.851, 2465.6482, 2694.6155, 2788.75, 1583.0114, 2087.4219, 2929.434, 2876.8367, 2216.4285, 2598.9622, 2551.0378, 2660.6, 2707.5, 2636.6667, 2840.2886, 2240.4312, 3404.2856, 2734.804, 3030.9783, 1614.1025, 1537.6713, 3012.6416, 3529.524, 2629.9058, 3542.5, 4470.1514, 3826.7104, 2847.843, 5207.8335, 4001.6667, 5929.423, 3547.0732, 5581.724, 4638.9473, 4465.0, 6228.8887, 9694.0, 7180.4346, 5505.3125, 2133.5715, 5237.7417, 9529.474, 9629.5, 9271.315, 4950.147, 4274.8613, 5065.4414, 7809.1304, 23871.0, 9815.75, 10286.579, 16200.385, 11091.75, 16628.076, 5111.7646, 12543.056, 16190.0, 13936.5625, 7851.0415, 5379.3335, 12939.6875, 15947.692, 35421.43, 6404.8213, 6284.5, 13077.353, 20491.25, 3424.5535, 12851.111, 7329.4443, 24182.273, 23078.637, 17213.846, 20980.455, 31370.625, 23228.0, 17867.857, 10211.904, 31625.0, 18775.416, 40439.168, 11081.667, 31383.334, 15524.333, 25959.5, 3061.3076, 35977.145, 11771.579, 19223.75, 18956.25, 14105.294, 16499.285, 10600.75, 15280.9375, 2684.375, 9434.131, 13302.941, 3930.4167, 31830.625, 17100.0, 16580.0, 19158.46, 13260.556, 9974.615, 24934.092, 19518.334, 43464.168, 25498.0, 9342.608, 49094.168, 23263.182, 18719.615, 9034.348, 46766.668, 22647.273, 20002.5, 14943.4375, 36228.57, 27810.0, 31696.875, 31461.875, 15105.0, 6231.7104, 13657.353, 19762.143, 41065.715, 46603.332, 42465.715, 8573.958, 42885.0, 18206.428, 24228.0, 8064.6772, 11646.667, 44855.832]"
SpaceInvaders,MQ(h=1),"Float32[376.97278, 283.66476, 221.11523, 48.803192, 287.6087, 487.80487, 414.80893, 523.0903, 395.22058, 538.3916, 1273.4043, 1037.9518, 845.9124, 545.39105, 1247.2, 484.46542, 652.94116, 630.1603, 1323.9634, 802.7174, 641.0625, 568.2044, 637.9605, 1084.375, 628.03705, 586.0072, 794.7651, 627.1429, 1411.4084, 685.0741, 652.1711, 643.0247, 617.42426, 1212.1354, 675.7823, 1184.7675, 580.7558, 1305.6548, 707.10144, 1608.9552, 1299.026, 2040.4546, 1293.6364, 2156.2698, 911.27734, 1697.1666, 2418.4, 1319.0741, 2562.1428, 859.81134, 1477.2858, 1973.983, 1908.7903, 1506.7284, 1931.8032, 2215.0908, 2611.6667, 736.7197, 1562.405, 1587.5343, 1961.2069, 2512.2827, 2011.8853, 2184.2104, 1400.119, 3247.3914, 2352.2727, 2634.5918, 2424.5283, 1925.7042, 3163.182, 2648.3696, 2669.9019, 2855.4167, 2769.318, 1523.976, 3065.4443, 2517.547, 2590.849, 2834.8958, 4325.7354, 3741.0527, 2992.3914, 3861.111, 3070.9375, 3369.0625, 6508.3335, 5307.759, 6596.0415, 4386.1763, 5143.0, 2060.8955, 4566.9697, 4581.2856, 10726.177, 26893.75, 9335.526, 3034.608, 8889.286, 12627.143, 3642.875, 11784.375, 4673.7144, 11886.25, 4888.636, 8558.913, 18619.166, 5805.6665, 12215.588, 6188.276, 5710.484, 26433.334, 6898.6206, 9612.5, 6286.207, 14032.1875, 3791.7021, 11537.777, 34852.855, 18006.154, 10552.857, 16129.333, 16427.143, 4911.625, 17335.0, 3775.1, 15771.5625, 12254.444, 4511.0464, 12317.777, 13180.0, 11398.947, 4682.1055, 13369.167, 15608.0, 25085.908, 19886.154, 3560.652, 37512.145, 15673.929, 17877.143, 22589.092, 15406.5625, 6282.6562, 19228.076, 29414.0, 11602.368, 30115.555, 5418.472, 34802.5, 4690.5815, 5815.606, 18887.309, 36565.0, 21247.5, 16806.25, 5203.9707, 24586.363, 29819.0, 26397.0, 13290.789, 23919.092, 12200.263, 42151.668, 38784.285, 6287.5674, 33573.332, 36467.145, 4830.5264, 36220.625, 25640.0, 28878.5, 45220.832, 15601.0, 16947.334, 49179.168, 36902.145, 8127.6787, 26600.5, 37739.285, 18433.215, 30384.0, 6514.6875, 38030.625, 30070.555, 11409.762, 20450.77, 33249.375, 19295.0, 15682.5, 31307.777, 9762.046, 7996.607, 30269.445, 9539.131, 7663.5293, 5989.8486, 13361.667, 3022.3809, 29949.0]"
Tutankham,MQ(h=10),"Float32[95.809525, 105.0625, 0.014117647, 0.2254902, 55.727272, 58.586956, 110.111115, 116.42424, 96.0, 83.0, 100.2, 97.166664, 85.24138, 101.2, 102.166664, 103.625, 99.53333, 92.8, 102.6, 95.8, 99.166664, 101.8, 91.55556, 82.57143, 103.666664, 97.8, 104.77273, 111.0, 100.2, 98.5, 95.57143, 119.6, 158.0, 109.611115, 157.57143, 108.14286, 158.0, 129.31818, 33.85, 132.54167, 140.08511, 115.947365, 159.125, 140.125, 144.13333, 130.85, 180.0, 189.13333, 182.92308, 133.7931, 175.71428, 165.875, 166.8, 181.5, 203.0, 176.375, 184.58333, 193.125, 119.0, 245.16667, 210.0, 210.89473, 150.71428, 234.33333, 255.33333, 144.5, 171.33333, 238.72, 255.4, 148.42857, 225.8, 234.5, 220.75, 224.07143, 242.25, 183.49123, 238.55556, 255.55556, 249.4, 194.5, 260.6, 260.625, 265.33334, 158.0, 248.25, 249.44118, 255.22223, 179.56, 235.75, 225.57143, 256.0, 240.42857, 261.0, 284.2, 213.71428, 273.0, 251.875, 285.375, 242.5, 116.375, 213.13333, 230.0, 261.8, 248.0, 168.93651, 262.42856, 247.69698, 225.875, 235.42857, 213.57143, 254.8, 259.8, 269.0, 214.72223, 189.35135, 257.8889, 267.0, 214.84616, 251.42857, 244.0, 226.16667, 159.77777, 262.16666, 189.875, 258.33334, 214.15, 264.75, 237.375, 207.90909, 225.0, 224.9, 236.6, 274.6, 244.57143, 274.0, 263.6, 190.2, 245.16667, 217.8, 212.5, 215.18182, 246.8, 254.4, 232.4, 237.875, 232.84616, 288.0, 277.5, 246.28572, 242.33333, 262.83334, 233.6, 282.2, 225.0, 218.72728, 234.0, 222.7, 224.22223, 234.0, 244.0, 185.125, 256.2, 245.85715, 222.8, 244.63637, 181.13637, 207.0, 280.77777, 165.325, 233.1875, 248.16667, 265.5, 244.66667, 259.6, 225.92308, 260.8, 210.5, 157.88889, 248.2, 259.0, 99.066666, 230.85715, 228.16667, 239.25, 266.875, 257.0, 258.42856, 255.57143, 246.57143, 213.66667, 251.66667, 176.4, 260.2, 183.8, 194.55556, 229.0, 204.44444, 273.66666, 255.5625, 162.8]"
Tutankham,MQ(h=10),"Float32[0.0, 0.11380145, 0.0, 0.0, 23.826923, 4.4545455, 68.81579, 98.55, 101.04878, 104.77778, 99.333336, 73.14286, 96.888885, 91.6, 75.0, 98.28571, 72.07692, 110.8, 98.6, 108.8, 115.0, 98.8, 100.2, 101.0, 102.28571, 98.8, 107.2, 106.6, 100.166664, 103.6, 91.8, 106.0, 117.0, 122.833336, 99.2, 106.0, 104.5, 103.4, 98.2, 108.166664, 94.28571, 96.2, 115.6, 91.6, 115.8, 110.0, 102.833336, 102.4, 142.8, 97.0, 100.0, 111.69231, 154.6, 141.91667, 163.2, 108.14286, 122.72222, 147.27272, 179.08333, 143.82, 172.23077, 67.57143, 153.2, 210.35715, 179.94444, 213.30435, 203.4, 170.75, 146.0, 223.0, 21.75, 192.75, 221.5, 201.16667, 208.60606, 218.83018, 200.25, 222.0, 222.3077, 222.25, 269.83334, 274.22223, 214.90909, 217.77777, 45.929413, 223.46153, 225.92592, 191.66667, 257.2, 248.33333, 203.57895, 240.66667, 111.0, 284.0, 212.19513, 174.75, 163.0, 233.0, 235.0, 262.75, 296.8, 239.6, 266.0, 218.0, 196.63637, 260.66666, 264.42856, 301.83334, 130.8, 54.145947, 237.83333, 214.63637, 217.13333, 256.44446, 231.6, 271.8, 224.83333, 216.0, 146.85715, 251.8, 208.85715, 243.0, 232.0, 219.875, 298.0, 312.6, 238.66667, 200.4, 273.0, 280.1111, 284.14285, 221.85715, 276.57144, 301.0, 215.0, 277.42856, 112.4, 278.66666, 284.6, 279.72223, 259.22223, 222.57143, 276.66666, 166.5, 197.03334, 265.8, 301.4, 218.85715, 290.75, 225.52632, 262.23077, 293.6, 165.83333, 193.6, 300.0, 255.0, 249.0, 278.0, 266.66666, 231.16667, 231.8, 256.8, 304.8, 289.83334, 243.6, 242.85715, 271.0, 240.0, 245.6, 287.6, 263.33334, 300.0, 257.42856, 191.14285, 273.66666, 267.2, 240.66667, 238.5, 234.58824, 233.5, 241.2, 280.5, 259.16666, 279.4, 245.0, 286.16666, 268.2857, 305.6, 244.4, 259.83334, 262.33334, 234.0, 272.4, 284.0, 227.2, 239.92308, 241.0, 220.2, 231.0, 282.2]"
Tutankham,MQ(h=10),"Float32[0.0, 0.0, 0.07692308, 0.5435898, 89.61905, 0.33333334, 49.2, 102.333336, 106.2, 102.71429, 103.111115, 0.0, 95.2, 32.764706, 91.0, 102.833336, 86.8, 2.3333333, 102.0, 100.0, 100.2, 94.2, 103.8, 102.166664, 87.71429, 101.2, 99.71429, 95.166664, 102.0, 103.28571, 121.2, 152.1, 96.36364, 188.5, 175.0, 123.2, 195.94643, 206.4, 213.03847, 199.98387, 200.33333, 221.22223, 40.625, 135.83333, 174.41667, 166.5, 209.28572, 184.0, 118.09091, 119.71429, 116.27778, 199.96153, 224.3125, 223.625, 233.33333, 160.42857, 235.1, 155.25, 249.09091, 157.27272, 126.8, 162.51428, 170.1579, 128.22223, 257.77777, 87.833336, 173.33333, 248.38095, 230.0, 140.2, 261.14285, 257.5, 223.57143, 223.92308, 231.83333, 258.0, 110.04348, 167.35715, 71.28571, 231.375, 274.2, 219.0, 258.84906, 242.05882, 280.72726, 246.0, 266.5, 267.72726, 242.0, 220.2, 228.9, 26.2, 274.85715, 253.16667, 92.56863, 267.46155, 239.14285, 236.23077, 167.0, 235.28572, 198.41176, 251.43478, 267.32, 265.2857, 241.76923, 272.0, 269.0909, 194.83333, 241.11765, 251.42857, 269.54544, 158.7, 281.0, 238.84616, 278.75, 118.22222, 238.81818, 265.4, 109.63043, 250.4, 254.46666, 216.33333, 213.75555, 231.20454, 173.16667, 231.46875, 134.52174, 226.59091, 249.44444, 270.75, 253.71428, 232.0, 250.66667, 269.7143, 231.86, 261.61905, 187.66667, 214.33333, 245.16667, 228.83333, 246.125, 234.83333, 196.27586, 217.45454, 172.09877, 191.13333, 269.75, 223.5, 251.42857, 265.16666, 256.33334, 159.0, 242.84616, 243.8, 281.6842, 242.75, 247.75, 183.0, 279.8, 259.6, 253.2, 242.83333, 258.875, 200.6875, 266.8, 231.66667, 248.0, 240.96297, 270.8, 272.6, 257.41177, 139.875, 255.5, 237.8, 142.2, 182.0, 236.4, 236.5, 230.61111, 239.375, 242.69565, 133.7922, 280.8, 285.57144, 292.33334, 277.7, 249.0, 228.0, 196.28572, 212.66667, 252.0, 228.0, 281.66666, 267.58823, 229.07692, 257.46155, 192.14285, 179.4, 279.33334, 255.71428]"
Tutankham,MQ(h=1),"Float32[100.80357, 2.006173, 0.25547445, 0.016509434, 40.6, 56.6, 91.333336, 95.2, 101.75, 107.14286, 107.833336, 102.6, 95.0, 94.6, 104.0, 91.6, 99.666664, 99.75, 97.4, 106.2, 95.0, 103.8, 100.0, 95.8, 98.0, 93.2, 152.6, 168.25, 180.5, 137.14285, 185.90565, 130.88637, 93.6, 192.8, 156.8, 68.6, 166.06061, 207.2, 129.0, 220.4, 136.6, 181.83333, 188.0, 196.57143, 144.0, 178.33333, 191.16667, 236.33333, 181.0, 274.125, 153.625, 280.33334, 243.16667, 203.0, 199.33333, 137.16667, 159.75, 241.73077, 199.5, 232.77777, 105.333336, 294.0, 199.28572, 216.63158, 158.0, 164.5, 209.8, 166.66667, 200.57143, 174.77777, 223.33333, 211.16667, 212.0, 222.4, 195.83333, 165.33333, 229.4, 242.8, 203.58333, 286.4, 148.0, 110.166664, 246.0, 221.14285, 217.6, 36.581394, 197.83333, 205.8, 274.33334, 213.4, 211.6, 208.0, 177.0, 266.6, 259.6, 238.42857, 271.5, 224.33333, 292.16666, 250.16667, 116.25, 274.0, 225.72, 223.5, 281.83334, 248.2, 282.83334, 208.0, 229.2, 286.16666, 217.2, 258.16666, 192.66667, 235.5, 175.33333, 106.666664, 151.42857, 207.0, 139.42857, 162.4, 248.0, 247.8, 298.4, 235.5, 329.8, 308.6, 280.8, 304.8, 294.16666, 256.8, 121.48214, 243.5, 265.44446, 263.4, 272.16666, 234.8, 302.8, 305.8, 224.16667, 190.81818, 259.0, 321.4, 72.4, 281.2, 249.83333, 234.2, 247.4, 261.2, 230.6, 306.8, 264.4, 246.0, 212.8, 250.33333, 275.0, 312.2, 226.33333, 294.2857, 37.028572, 175.375, 321.0, 264.8, 255.55556, 266.0, 290.8, 260.2, 181.42857, 146.0, 49.157894, 121.8, 223.5, 146.83333, 116.6, 205.0, 244.0, 244.4, 253.83333, 253.25, 307.8, 225.8, 217.11111, 257.66666, 282.16666, 290.0, 271.2, 166.66667, 269.0, 304.2, 169.16667, 249.66667, 47.4, 208.28572, 274.2, 232.0, 281.0, 237.4, 232.0, 66.8, 266.4, 183.42857]"
Tutankham,MQ(h=1),"Float32[103.541664, 92.34091, 49.87234, 52.887096, 104.181816, 4.571429, 97.125, 94.0, 14.333333, 68.2, 87.5, 90.6, 97.4, 93.625, 98.6, 102.6, 75.25, 104.0, 101.8, 99.0, 101.2, 101.5, 88.8, 94.8, 99.0, 102.0, 122.0, 86.2, 128.3077, 127.75, 103.4, 104.6, 93.7, 106.2, 155.16667, 147.16667, 161.0, 124.25, 134.28572, 11.911111, 130.0, 151.5, 108.85714, 181.0, 223.25, 60.966667, 194.3125, 150.84616, 211.2, 145.91304, 227.6, 70.833336, 217.8, 138.85715, 209.66667, 210.83333, 214.22223, 173.5, 266.2, 241.0, 223.375, 244.16667, 198.71428, 238.2, 203.2, 225.8, 95.2, 191.8, 185.5, 175.6875, 95.6, 212.2, 70.14286, 203.0, 235.0, 228.8, 193.57143, 234.2, 159.48276, 288.4, 164.83333, 271.6, 193.16667, 264.85715, 280.2, 193.71428, 310.6, 172.8, 291.16666, 254.4, 125.833336, 210.33333, 267.8, 282.2, 152.05714, 222.16667, 297.8, 273.0, 190.57143, 254.8, 243.4, 190.6, 245.6, 40.026596, 280.0, 254.4, 279.4, 257.85715, 279.6, 299.4, 285.8, 292.8, 264.8, 161.8125, 45.092308, 15.0, 0.0, 22.4, 65.4, 71.4, 36.8, 0.0, 42.4, 104.6, 40.57143, 123.833336, 158.0, 237.16667, 160.66667, 157.6, 143.6, 246.0, 238.0, 227.8, 224.0, 216.33333, 142.53334, 200.25, 240.71428, 233.2, 250.76923, 225.0, 232.6, 215.8, 154.11111, 82.38333, 258.5, 109.85714, 127.12, 306.4, 295.8, 228.8, 242.0, 169.6, 149.16667, 170.0, 127.6, 274.8, 129.35294, 264.0, 144.33333, 314.6, 267.5, 220.2, 219.16667, 283.0, 263.8, 198.4, 290.4, 235.25, 294.8, 302.8, 296.6, 213.125, 238.5, 169.6, 255.0, 276.2, 275.5, 315.6, 267.66666, 283.6, 269.6, 189.5, 274.07144, 211.38461, 264.2857, 218.42857, 268.0, 240.8, 252.33333, 267.33334, 187.0, 262.5, 257.84616, 198.8, 255.5, 263.8, 231.0, 231.85715]"
Tutankham,MQ(h=1),"Float32[91.61224, 85.932205, 101.96667, 6.909502, 90.57627, 98.42373, 78.7, 82.0, 94.46154, 20.0, 104.4, 101.818184, 89.85714, 17.0, 100.4, 104.2, 91.4, 95.0, 99.2, 92.8, 90.2, 101.2, 104.4, 97.0, 99.0, 92.6, 117.666664, 111.166664, 122.666664, 146.71428, 110.8, 73.2, 67.289474, 90.5, 157.77777, 68.77778, 184.11429, 172.93617, 185.1579, 57.333332, 180.25, 139.07692, 196.0, 214.63158, 179.41176, 121.18519, 157.0, 200.375, 186.8077, 45.385185, 265.5, 240.27777, 234.625, 211.61539, 233.0, 262.6, 196.0, 265.66666, 231.0, 92.625, 234.70589, 234.18182, 258.3684, 265.08334, 273.125, 59.132355, 179.6, 150.19643, 258.5, 203.07317, 214.0, 201.16667, 181.0, 176.66667, 244.2, 245.0, 261.0, 93.92857, 236.0, 128.5, 289.6, 110.333336, 171.5, 190.4, 117.22222, 237.2, 215.83333, 193.57143, 201.78947, 202.4, 252.6, 261.0, 56.2, 246.0, 227.2, 262.8, 111.2, 253.0, 243.0, 242.0, 281.4, 289.4, 262.33334, 242.8, 260.4, 232.6, 170.6, 158.0, 285.0, 93.6, 206.2, 282.14285, 207.6, 292.0, 255.5, 238.2, 257.0, 267.8, 257.2, 237.16667, 236.15384, 211.0, 186.4, 282.66666, 278.1111, 256.6, 218.0, 230.14285, 233.83333, 163.4, 264.6, 284.7143, 224.5, 286.83334, 232.33333, 277.2, 254.5, 235.4, 65.666664, 13.2, 142.14285, 290.2, 197.6, 173.17241, 197.5, 201.4, 287.0, 278.6, 268.0, 251.66667, 45.909092, 223.2, 251.625, 203.33333, 180.88889, 239.4, 278.0, 261.875, 308.4, 243.16667, 135.0, 103.22222, 254.16667, 270.0, 270.83334, 309.2, 262.6, 291.8, 288.0, 277.14285, 246.16667, 147.63637, 234.0, 306.6, 282.2, 303.0, 278.7143, 247.0, 213.2, 245.8, 290.14285, 285.4, 315.6, 276.4, 187.54546, 258.4, 262.4, 286.16666, 246.8, 235.28572, 244.0, 247.6, 291.7143, 247.66667, 225.2, 240.0, 273.7143, 234.4, 246.0, 260.75]"
